INSERT INTO `ehms`.`ehms_titles`(`title_id`,`title_name`)VALUES(1,'Mr');
INSERT INTO `ehms`.`ehms_titles`(`title_id`,`title_name`)VALUES(2,'Miss');
INSERT INTO `ehms`.`ehms_titles`(`title_id`,`title_name`)VALUES(3,'Mrs');

INSERT INTO `ehms_languages` VALUES (1,'EN','English');

INSERT INTO `ehms`.`ehms_modules`(`module_id`,`module_name`,`module_code`,`is_active`)VALUES(1,'Administration','ADMIN',true);
INSERT INTO `ehms`.`ehms_modules`(`module_id`,`module_name`,`module_code`,`is_active`)VALUES(2,'Helpdesk','HD',true);
INSERT INTO `ehms`.`ehms_modules`(`module_id`,`module_name`,`module_code`,`is_active`)VALUES(3,'Patient Registraion','PREG',true);
INSERT INTO `ehms`.`ehms_modules`(`module_id`,`module_name`,`module_code`,`is_active`,`is_queueable`)VALUES(4,'OPD','OPD',true,true);
INSERT INTO `ehms`.`ehms_modules`(`module_id`,`module_name`,`module_code`,`is_active`)VALUES(5,'IPD','IPD',true);
INSERT INTO `ehms`.`ehms_modules`(`module_id`,`module_name`,`module_code`,`is_active`)VALUES(6,'Pharmacy Shop','PHSH',true);
INSERT INTO `ehms`.`ehms_modules`(`module_id`,`module_name`,`module_code`,`is_active`,`is_queueable`)VALUES(7,'Lab','LAB',true,true);
INSERT INTO `ehms`.`ehms_modules`(`module_id`,`module_name`,`module_code`,`is_active`)VALUES(8,'Billing','BILLING',true);
INSERT INTO `ehms`.`ehms_modules`(`module_id`,`module_name`,`module_code`,`is_active`)VALUES(9,'Central Store','CS',true);
INSERT INTO `ehms`.`ehms_modules`(`module_id`,`module_name`,`module_code`,`is_active`)VALUES(10,'Pharmacy Store','PHST',true);
INSERT INTO `ehms`.`ehms_modules`(`module_id`,`module_name`,`module_code`,`is_active`)VALUES(11,'OT Store','OS',true);
INSERT INTO `ehms`.`ehms_modules`(`module_id`,`module_name`,`module_code`,`is_active`)VALUES(12,'Emergency/Casualty','E/C',true);
INSERT INTO `ehms`.`ehms_modules`(`module_id`,`module_name`,`module_code`,`is_active`)VALUES(13,'OT','OT',true);
INSERT INTO `ehms`.`ehms_modules`(`module_id`,`module_name`,`module_code`,`is_active`,`is_queueable`)VALUES(14,'Blood Bank','BB',true,true);
INSERT INTO `ehms`.`ehms_modules`(`module_id`,`module_name`,`module_code`,`is_active`)VALUES(15,'Warden','WD',true);
INSERT INTO `ehms`.`ehms_modules`(`module_id`,`module_name`,`module_code`,`is_active`)VALUES(16,'Radiology','RDGY',true);
INSERT INTO `ehms`.`ehms_modules`(`module_id`,`module_name`,`module_code`,`is_active`)VALUES(17,'Immunization','IM',true);
INSERT INTO `ehms`.`ehms_modules`(`module_id`,`module_name`,`module_code`,`is_active`)VALUES(18,'OBG','OBG',true);
INSERT INTO `ehms`.`ehms_modules`(`module_id`,`module_name`,`module_code`,`is_active`)VALUES(19,'HR & Payroll','HR',true);
INSERT INTO `ehms`.`ehms_modules`(`module_id`,`module_name`,`module_code`,`is_active`)VALUES(20,'Accounts','ACC',true);
INSERT INTO `ehms`.`ehms_modules`(`module_id`,`module_name`,`module_code`,`is_active`)VALUES(21,'Diet/Kitchen','D/K',true);
INSERT INTO `ehms`.`ehms_modules`(`module_id`,`module_name`,`module_code`,`is_active`)VALUES(22,'CSSD','CSSD',true);
INSERT INTO `ehms`.`ehms_modules`(`module_id`,`module_name`,`module_code`,`is_active`)VALUES(23,'HouseKeeping','HK',true);
INSERT INTO `ehms`.`ehms_modules`(`module_id`,`module_name`,`module_code`,`is_active`)VALUES(24,'Clinical Investigation','CI',true);
INSERT INTO `ehms`.`ehms_modules`(`module_id`,`module_name`,`module_code`,`is_active`)VALUES(25,'Logistic/Ambulance','L/A',true);
INSERT INTO `ehms`.`ehms_modules`(`module_id`,`module_name`,`module_code`,`is_active`,`is_queueable`)VALUES(26,'Physiotherapy','PHY',true,true);
INSERT INTO `ehms`.`ehms_modules`(`module_id`,`module_name`,`module_code`,`is_active`)VALUES(27,'Equipment &  Maintenance','EM',true);
INSERT INTO `ehms`.`ehms_modules`(`module_id`,`module_name`,`module_code`,`is_active`)VALUES(28,'Waste Management','WM',true);
INSERT INTO `ehms`.`ehms_modules`(`module_id`,`module_name`,`module_code`,`is_active`)VALUES(29,'Report','RPT',true);
INSERT INTO `ehms`.`ehms_modules`(`module_id`,`module_name`,`module_code`,`is_active`)VALUES(30,'Camp Management','CM',true);

INSERT INTO `ehms`.`ehms_privileges`(`privilege_id`,`privilege_code`,`privilege_description`,`is_system_privilege`, `module_id`)VALUES(1,'CUSTOMER_MANAGEMENT','Privilege for Customer Management',1,1);
INSERT INTO `ehms`.`ehms_privileges`(`privilege_id`,`privilege_code`,`privilege_description`,`is_system_privilege`, `module_id`)VALUES(2,'CUSTOMER_BILLING','Privilege for Customer Billing & Payment',1,1);
INSERT INTO `ehms`.`ehms_privileges`(`privilege_id`,`privilege_code`,`privilege_description`,`is_system_privilege`, `module_id`)VALUES(3,'CUSTOMER_APPROVAL','Privilege for Customer Billing Approval',1,1);
INSERT INTO `ehms`.`ehms_privileges`(`privilege_id`,`privilege_code`,`privilege_description`,`is_system_privilege`, `module_id`)VALUES(4,'DASHBOARD','Privilege for common dashboard',0,2);
INSERT INTO `ehms`.`ehms_privileges`(`privilege_id`,`privilege_code`,`privilege_description`,`is_system_privilege`, `module_id`) VALUES(5,'ROLE_CREATION','Privilege for role creation', 0, 1);
INSERT INTO `ehms`.`ehms_privileges`(`privilege_id`,`privilege_code`,`privilege_description`, `is_system_privilege`, `module_id`)VALUES(6,'DEPARTMENT_CREATION','Customer department creation', 0, 1);
INSERT INTO `ehms`.`ehms_privileges`(`privilege_id`,`privilege_code`,`privilege_description`, `is_system_privilege`, `module_id`)VALUES(7,'HOSPITALS','Privilege for Customer hospital creation', 0, 1);
INSERT INTO `ehms`.`ehms_privileges`(`privilege_id`,`privilege_code`,`privilege_description`, `is_system_privilege`, `module_id`)VALUES(8,'MISC_TYPES','Privilege for misc type management', 0, 1);
INSERT INTO `ehms`.`ehms_privileges`(`privilege_id`,`privilege_code`,`privilege_description`, `is_system_privilege`, `module_id`)VALUES(9,'EMPLOYEE_MANAGEMENT','Privilege for Employee Management', 0, 1);
INSERT INTO `ehms`.`ehms_privileges`(`privilege_id`,`privilege_code`,`privilege_description`, `is_system_privilege`, `module_id`)VALUES(10,'USER_MANAGEMENT','Privilege for Employee Management', 0, 1);
INSERT INTO `ehms`.`ehms_privileges`(`privilege_id`,`privilege_code`,`privilege_description`, `is_system_privilege`, `module_id`)VALUES(11,'BED_MANAGEMENT','Privilege for Bed management', 0, 1);
INSERT INTO `ehms`.`ehms_privileges`(`privilege_id`,`privilege_code`,`privilege_description`, `is_system_privilege`, `module_id`)VALUES(12,'DOC_SCHEDULE','Privilege for Doctor Schedules', 0, 1);
INSERT INTO `ehms`.`ehms_privileges`(`privilege_id`,`privilege_code`,`privilege_description`, `is_system_privilege`, `module_id`)VALUES(13,'TARRIF_WISE_SERVICE','Tarrif Wise Service Creation', 0, 1);
INSERT INTO `ehms`.`ehms_privileges`(`privilege_id`,`privilege_code`,`privilege_description`, `is_system_privilege`, `module_id`)VALUES(14,'MATERIAL_INSTRUMENT','Material/Instrument Creation', 0, 1);
INSERT INTO `ehms`.`ehms_privileges`(`privilege_id`,`privilege_code`,`privilege_description`, `is_system_privilege`, `module_id`)VALUES(15,'PATHOLOGY_TEST_MASTER','pathology Test master  Creation', 0, 1);
INSERT INTO `ehms`.`ehms_privileges`(`privilege_id`,`privilege_code`,`privilege_description`, `is_system_privilege`, `module_id`)VALUES(16,'OT_MASTER','OT master Creation', 0, 1);
INSERT INTO `ehms`.`ehms_privileges`(`privilege_id`,`privilege_code`,`privilege_description`, `is_system_privilege`, `module_id`)VALUES(17,'VARIOUS_PRICE_MASTER','various price master Creation', 0, 1);
INSERT INTO `ehms`.`ehms_privileges`(`privilege_id`,`privilege_code`,`privilege_description`, `is_system_privilege`, `module_id`)VALUES(18,'TPA/INSURANCE','Tpa/Insurance Mater Creation', 0, 1);
INSERT INTO `ehms`.`ehms_privileges`(`privilege_id`,`privilege_code`,`privilege_description`, `is_system_privilege`, `module_id`)VALUES(19,'VENDOR_MASTER','various price master Creation', 0, 1);
INSERT INTO `ehms`.`ehms_privileges`(`privilege_id`,`privilege_code`,`privilege_description`, `is_system_privilege`, `module_id`)VALUES(20,'SPONSOR/CORPORATE','Sponsor/Corporate Mater Creation', 0, 1);
INSERT INTO `ehms`.`ehms_privileges`(`privilege_id`,`privilege_code`,`privilege_description`, `is_system_privilege`, `module_id`)VALUES(21,'VEHICLE','Vehicle Mater Creation', 0, 1);
INSERT INTO `ehms`.`ehms_privileges`(`privilege_id`,`privilege_code`,`privilege_description`, `is_system_privilege`, `module_id`)VALUES(22,'ROSTER_OF_STAFF','roster of staff Creation', 0, 1);
INSERT INTO `ehms`.`ehms_privileges`(`privilege_id`,`privilege_code`,`privilege_description`, `is_system_privilege`, `module_id`)VALUES(23,'ROSTER_OF_NURSE','roster of nurse Creation', 0, 1);
INSERT INTO `ehms`.`ehms_privileges`(`privilege_id`,`privilege_code`,`privilege_description`, `is_system_privilege`, `module_id`)VALUES(24,'VEHICLE_ROUTE','Vehicle Route Master', 0, 1);



INSERT INTO `ehms`.`ehms_roles`(`role_id`,`role_name`,`description`,`is_active`, `is_system_role`)VALUES(1,'BBNISYS_ADMIN','Role for BBNISYS admin',true, 1);
INSERT INTO `ehms`.`ehms_roles`(`role_id`,`role_name`,`description`,`is_active`, `is_system_role`)VALUES(2,'CUSTOMER_ADMIN','Role for customer admin',true, 1);
INSERT INTO `ehms`.`ehms_roles`(`role_id`,`role_name`,`description`,`is_active`, `is_system_role`)VALUES(3,'HOSPITAL_ADMIN','Role for hospital admin',true, 1);

INSERT INTO `ehms`.`ehms_link_role_privileges`(`role_privilege_id`,`role_id`,`privilege_id`) VALUES(1,1,1);
INSERT INTO `ehms`.`ehms_link_role_privileges`(`role_privilege_id`,`role_id`,`privilege_id`) VALUES(2,1,2);
INSERT INTO `ehms`.`ehms_link_role_privileges`(`role_privilege_id`,`role_id`,`privilege_id`) VALUES(3,1,3);
INSERT INTO `ehms`.`ehms_link_role_privileges`(`role_privilege_id`,`role_id`,`privilege_id`) VALUES(4,1,4);
INSERT INTO `ehms`.`ehms_link_role_privileges`(`role_privilege_id`,`role_id`,`privilege_id`) VALUES(5,2,4);

INSERT INTO `ehms_buying_preferences` VALUES (1,'Immediate'),(2,'Trial');
INSERT INTO `ehms_buying_types` VALUES (1,'Branchwise',1),(2,'Patientwise',1);
INSERT INTO `ehms_subscription_types` VALUES (1,'Monthly'),(2,'Yearly'),(3,'Lifetime');

INSERT INTO `ehms`.`ehms_payment_modes` (`payment_mode_id`, `payment_mode_name`, `is_active`) VALUES ('1', 'RTGS/NEFT/IMPS', true);
INSERT INTO `ehms`.`ehms_payment_modes` (`payment_mode_id`, `payment_mode_name`, `is_active`) VALUES ('2', 'Cheque/DD', true);
INSERT INTO `ehms`.`ehms_payment_modes` (`payment_mode_id`, `payment_mode_name`, `is_active`) VALUES ('3', 'Net Banking', true);
INSERT INTO `ehms`.`ehms_payment_modes` (`payment_mode_id`, `payment_mode_name`, `is_active`) VALUES ('4', 'Credit/Debit Card', true);
INSERT INTO `ehms`.`ehms_payment_modes` (`payment_mode_id`, `payment_mode_name`, `is_active`) VALUES ('5', 'Cash On Delivery',true);

INSERT INTO `ehms`.`ehms_payment_status` (`payment_status_id`, `payment_status_name`) VALUES ('1', 'Pending');
INSERT INTO `ehms`.`ehms_payment_status` (`payment_status_id`, `payment_status_name`) VALUES ('2', 'Approved');
INSERT INTO `ehms`.`ehms_payment_status` (`payment_status_id`, `payment_status_name`) VALUES ('3', 'Rejected');

INSERT INTO `ehms`.`ehms_users`(`user_id`,`username`,`password`,`security_question`,`security_answer`,`is_reset_password_on_login`,`enabled`)VALUES(1,'bbnisys_admin','$2a$08$lDnHPz7eUkSi6ao14Twuau08mzhWrL4kyZGGU5xfiGALO/Vxd5DOi','first teacher name','Asha',1,true);
INSERT INTO `ehms_link_user_role` VALUES(1,1,1);

insert into ehms_misc_type (misc_type_name, misc_type_description) values ('DESIGNATION', 'Designation Options');
insert into ehms_misc_type (misc_type_name, misc_type_description) values ('APPOINTMENT_TYPE', 'Appointment Types Options');
insert into ehms_misc_type (misc_type_name, misc_type_description) values ('OTHER_ID_TYPE', 'Other Identification Type Options');
insert into ehms_misc_type (misc_type_name, misc_type_description) values ('SPECIALIZATION', 'Specialization  Options');
insert into ehms_misc_type (misc_type_name, misc_type_description) values ('JOINING_TYPE', 'Joining Types Options');
insert into ehms_misc_type (misc_type_name, misc_type_description) values ('FLOOR', 'Floor Options');
insert into ehms_misc_type (misc_type_name, misc_type_description) values ('WARD_TYPE', 'Ward Type Options');
insert into ehms_misc_type (misc_type_name, misc_type_description) values ('BED_CATEGORY', 'Bed Category Options');
INSERT INTO ehms_misc_type (misc_type_name, misc_type_description) VALUES ('DOCTOR_SHIFT', 'Doctor Shift Options');
INSERT INTO ehms_misc_type (misc_type_name, misc_type_description) VALUES ('TARRIF/SERVICE_NAME', 'Tarrif/Service Name Options');
INSERT INTO ehms_misc_type (misc_type_name, misc_type_description) VALUES ('SERVICE_TYPE', 'Service Type Options');
INSERT INTO ehms_misc_type (misc_type_name, misc_type_description) VALUES ('MATERIAL_TYPE', 'Material Type Options');
INSERT INTO ehms_misc_type (misc_type_name, misc_type_description) VALUES ('PATHOLOGY_TEST_VALUE_TYPE', 'Pathology Test Value Options');
INSERT INTO ehms_misc_type (misc_type_name, misc_type_description) VALUES ('PATHOLOGY_SPECIMEN_TYPE', 'Pathology Specimen Type Options');
INSERT INTO ehms_misc_type (misc_type_name, misc_type_description) VALUES ('PATHOLOGY_CONTAINER_TYPE', 'pathology Container type Options');
INSERT INTO ehms_misc_type (misc_type_name, misc_type_description) VALUES ('PATHOLOGY_RESULT_TYPE', 'Pathology Result Type Options');
INSERT INTO ehms_misc_type (misc_type_name, misc_type_description) VALUES ('VARIOUS_PRICE_MASTER_SERVICE_NAME', 'Various Price Master Service Name Options');
INSERT INTO ehms_misc_type (misc_type_name, misc_type_description) VALUES ('PRICE_MASTER_GROUP_TYPE', 'Price Master Group Type Options');
INSERT INTO ehms_misc_type (misc_type_name, misc_type_description) VALUES ('PRICE_MASTER_SUB_GROUP_TYPE', 'Price Master Sub Group Type Options');
INSERT INTO ehms_misc_type (misc_type_name, misc_type_description) VALUES ('TPA/INSURANCE_TYPE', 'Tpa/Insurance Type Options');
INSERT INTO ehms_misc_type (misc_type_name, misc_type_description) VALUES ('TPA/INSURANCE_CLAIM_TYPE', 'Tpa/Insurance Claim Type Options');
INSERT INTO ehms_misc_type (misc_type_name, misc_type_description) VALUES ('VENDOR_TYPE', 'Vendor Type Options');
INSERT INTO ehms_misc_type (misc_type_name, misc_type_description) VALUES ('SPONSOR/CORPORATE_TYPE', 'Sponsor/Corporate Type Options');
INSERT INTO ehms_misc_type (misc_type_name, misc_type_description) VALUES ('VEHICLE_TYPE', 'Vehicle Type Options');
INSERT INTO ehms_misc_type (misc_type_name, misc_type_description) VALUES ('STAFF_SHIFT', 'Staff Shift Options');
INSERT INTO ehms_misc_type (misc_type_name, misc_type_description) VALUES ('NURSE_SHIFT', 'Nurse Shift Options');
INSERT INTO `ehms`.`ehms_misc_type` (`misc_type_name`, `misc_type_description`) VALUES ('DRUG_TYPE', 'Drug Type Options');
INSERT INTO `ehms`.`ehms_misc_type` (`misc_type_name`, `misc_type_description`) VALUES ('STORE_NAME', 'Store Name Options');
INSERT INTO `ehms`.`ehms_misc_type` (`misc_type_name`, `misc_type_description`) VALUES ('PACKING', 'Packing Options');
INSERT INTO `ehms`.`ehms_misc_type` (`misc_type_name`, `misc_type_description`) VALUES ('DISEASE', 'Disease Options');
INSERT INTO `ehms`.`ehms_misc_type` (`misc_type_name`, `misc_type_description`) VALUES ('CATEGORY','Category Options');
insert into ehms_misc_values (misc_type_id, misc_value) values ((select misc_type_id from ehms_misc_type where misc_type_name = 'DESIGNATION'), 'Customer Admin');
insert into ehms_misc_values (misc_type_id, misc_value) values ((select misc_type_id from ehms_misc_type where misc_type_name = 'DESIGNATION'), 'Hospital Admin');


delete from `ehms`.`ehms_link_role_privileges` where `role_privilege_id` < 10;
delete from `ehms`.`ehms_link_role_privileges` where `role_privilege_id` > 9;
INSERT INTO `ehms`.`ehms_link_role_privileges`(`role_privilege_id`,`role_id`,`privilege_id`) VALUES(1,1,1);
INSERT INTO `ehms`.`ehms_link_role_privileges`(`role_privilege_id`,`role_id`,`privilege_id`) VALUES(2,1,2);
INSERT INTO `ehms`.`ehms_link_role_privileges`(`role_privilege_id`,`role_id`,`privilege_id`) VALUES(3,1,3);
INSERT INTO `ehms`.`ehms_link_role_privileges`(`role_privilege_id`,`role_id`,`privilege_id`) VALUES(4,1,4);
INSERT INTO `ehms`.`ehms_link_role_privileges`(`role_privilege_id`,`role_id`,`privilege_id`) VALUES(5,2,4);
INSERT INTO `ehms`.`ehms_link_role_privileges`(`role_privilege_id`,`role_id`,`privilege_id`) VALUES(6,2,5);
INSERT INTO `ehms`.`ehms_link_role_privileges`(`role_privilege_id`,`role_id`,`privilege_id`) VALUES(7,2,6);
INSERT INTO `ehms`.`ehms_link_role_privileges`(`role_privilege_id`,`role_id`,`privilege_id`) VALUES(8,2,7);
INSERT INTO `ehms`.`ehms_link_role_privileges`(`role_privilege_id`,`role_id`,`privilege_id`) VALUES(9,2,8);
INSERT INTO `ehms`.`ehms_link_role_privileges`(`role_privilege_id`,`role_id`,`privilege_id`) VALUES(10,3,4);
INSERT INTO `ehms`.`ehms_link_role_privileges`(`role_privilege_id`,`role_id`,`privilege_id`) VALUES(11,3,5);
INSERT INTO `ehms`.`ehms_link_role_privileges`(`role_privilege_id`,`role_id`,`privilege_id`) VALUES(12,3,6);
INSERT INTO `ehms`.`ehms_link_role_privileges`(`role_privilege_id`,`role_id`,`privilege_id`) VALUES(13,3,8);
INSERT INTO `ehms`.`ehms_link_role_privileges`(`role_privilege_id`,`role_id`,`privilege_id`) VALUES(14,2,9);
INSERT INTO `ehms`.`ehms_link_role_privileges`(`role_privilege_id`,`role_id`,`privilege_id`) VALUES(15,2,10);
INSERT INTO `ehms`.`ehms_link_role_privileges`(`role_privilege_id`,`role_id`,`privilege_id`) VALUES(16,3,9);
INSERT INTO `ehms`.`ehms_link_role_privileges`(`role_privilege_id`,`role_id`,`privilege_id`) VALUES(17,3,10);
INSERT INTO `ehms`.`ehms_link_role_privileges`(`role_privilege_id`,`role_id`,`privilege_id`) VALUES(18,3,11);
INSERT INTO `ehms`.`ehms_link_role_privileges`(`role_privilege_id`,`role_id`,`privilege_id`) VALUES(19,3,12);
INSERT INTO `ehms`.`ehms_link_role_privileges`(`role_privilege_id`,`role_id`,`privilege_id`) VALUES(20,3,13);
INSERT INTO `ehms`.`ehms_link_role_privileges`(`role_privilege_id`,`role_id`,`privilege_id`) VALUES(21,3,14);
INSERT INTO `ehms`.`ehms_link_role_privileges`(`role_privilege_id`,`role_id`,`privilege_id`) VALUES(22,3,15);
INSERT INTO `ehms`.`ehms_link_role_privileges`(`role_privilege_id`,`role_id`,`privilege_id`) VALUES(23,3,16);
INSERT INTO `ehms`.`ehms_link_role_privileges`(`role_privilege_id`,`role_id`,`privilege_id`) VALUES(24,3,17);
INSERT INTO `ehms`.`ehms_link_role_privileges`(`role_privilege_id`,`role_id`,`privilege_id`) VALUES(25,3,18);
INSERT INTO `ehms`.`ehms_link_role_privileges`(`role_privilege_id`,`role_id`,`privilege_id`) VALUES(26,3,19);
INSERT INTO `ehms`.`ehms_link_role_privileges`(`role_privilege_id`,`role_id`,`privilege_id`) VALUES(27,3,20);
INSERT INTO `ehms`.`ehms_link_role_privileges`(`role_privilege_id`,`role_id`,`privilege_id`) VALUES(28,3,21);
INSERT INTO `ehms`.`ehms_link_role_privileges`(`role_privilege_id`,`role_id`,`privilege_id`) VALUES(29,3,22);
INSERT INTO `ehms`.`ehms_link_role_privileges`(`role_privilege_id`,`role_id`,`privilege_id`) VALUES(30,3,23);
INSERT INTO `ehms`.`ehms_link_role_privileges`(`role_privilege_id`,`role_id`,`privilege_id`) VALUES(31,3,24);