INSERT INTO `ehms`.`ehms_countries`(`country_id`,`country_name`)VALUES(1,'India');
INSERT INTO `ehms`.`ehms_countries`(`country_id`,`country_name`)VALUES(2,'United States Of America');
INSERT INTO `ehms`.`ehms_countries`(`country_id`,`country_name`)VALUES(3,'Russia');
INSERT INTO `ehms`.`ehms_countries`(`country_id`,`country_name`)VALUES(4,'Japan');
INSERT INTO `ehms`.`ehms_countries`(`country_id`,`country_name`)VALUES(5,'China');

INSERT INTO `ehms`.`ehms_states`(`state_id`,`state_name`,`country_id`)VALUES(1,'California',2);
INSERT INTO `ehms`.`ehms_states`(`state_id`,`state_name`,`country_id`)VALUES(2,'Alabama',3);
INSERT INTO `ehms`.`ehms_states`(`state_id`,`state_name`,`country_id`)VALUES(3,'Texas',2);
INSERT INTO `ehms`.`ehms_states`(`state_id`,`state_name`,`country_id`)VALUES(4,'Nevada',3);

INSERT INTO `ehms`.`ehms_cities`(`city_name`,`state_id`)VALUES('Las Vegas',4);
INSERT INTO `ehms`.`ehms_cities`(`city_name`,`state_id`)VALUES('Caliente',4);
INSERT INTO `ehms`.`ehms_cities`(`city_name`,`state_id`)VALUES('Houston',3);
INSERT INTO `ehms`.`ehms_cities`(`city_name`,`state_id`)VALUES('Los Angeles',1);
INSERT INTO `ehms`.`ehms_cities`(`city_name`,`state_id`)VALUES('Long Beach',1);
INSERT INTO `ehms`.`ehms_cities`(`city_name`,`state_id`)VALUES('Dallas',3);

INSERT INTO `ehms`.`ehms_states` (`state_id`, `state_name`, `country_id`) VALUES ('5', 'Andhra Pradesh', '1');
INSERT INTO `ehms`.`ehms_states` (`state_id`, `state_name`, `country_id`) VALUES ('6', 'Arunachal Pradesh', '1');
INSERT INTO `ehms`.`ehms_states` (`state_id`, `state_name`, `country_id`) VALUES ('7', 'Assam', '1');
INSERT INTO `ehms`.`ehms_states` (`state_id`, `state_name`, `country_id`) VALUES ('8', 'Bihar', '1');
INSERT INTO `ehms`.`ehms_states` (`state_id`, `state_name`, `country_id`) VALUES ('9', 'Chhattisgarh', '1');
INSERT INTO `ehms`.`ehms_states` (`state_id`, `state_name`, `country_id`) VALUES ('10', 'Goa', '1');
INSERT INTO `ehms`.`ehms_states` (`state_id`, `state_name`, `country_id`) VALUES ('11', 'Gujarat', '1');
INSERT INTO `ehms`.`ehms_states` (`state_id`, `state_name`, `country_id`) VALUES ('12', 'Haryana', '1');
INSERT INTO `ehms`.`ehms_states` (`state_id`, `state_name`, `country_id`) VALUES ('13', 'Himachal Pradesh', '1');
INSERT INTO `ehms`.`ehms_states` (`state_id`, `state_name`, `country_id`) VALUES ('14', 'Jammu and Kashmir', '1');
INSERT INTO `ehms`.`ehms_states` (`state_id`, `state_name`, `country_id`) VALUES ('15', 'Jharkhand', '1');
INSERT INTO `ehms`.`ehms_states` (`state_id`, `state_name`, `country_id`) VALUES ('16', 'Karnataka', '1');
INSERT INTO `ehms`.`ehms_states` (`state_id`, `state_name`, `country_id`) VALUES ('17', 'Kerala', '1');
INSERT INTO `ehms`.`ehms_states` (`state_id`, `state_name`, `country_id`) VALUES ('18', 'Madhya Pradesh', '1');
INSERT INTO `ehms`.`ehms_states` (`state_id`, `state_name`, `country_id`) VALUES ('19', 'Maharashtra', '1');
INSERT INTO `ehms`.`ehms_states` (`state_id`, `state_name`, `country_id`) VALUES ('20', 'Manipur', '1');
INSERT INTO `ehms`.`ehms_states` (`state_id`, `state_name`, `country_id`) VALUES ('21', 'Meghalaya', '1');
INSERT INTO `ehms`.`ehms_states` (`state_id`, `state_name`, `country_id`) VALUES ('22', 'Mizoram', '1');
INSERT INTO `ehms`.`ehms_states` (`state_id`, `state_name`, `country_id`) VALUES ('23', 'Nagaland', '1');
INSERT INTO `ehms`.`ehms_states` (`state_id`, `state_name`, `country_id`) VALUES ('24', 'Odisha', '1');
INSERT INTO `ehms`.`ehms_states` (`state_id`, `state_name`, `country_id`) VALUES ('25', 'Punjab', '1');
INSERT INTO `ehms`.`ehms_states` (`state_id`, `state_name`, `country_id`) VALUES ('26', 'Rajasthan', '1');
INSERT INTO `ehms`.`ehms_states` (`state_id`, `state_name`, `country_id`) VALUES ('27', 'Sikkim', '1');
INSERT INTO `ehms`.`ehms_states` (`state_id`, `state_name`, `country_id`) VALUES ('28', 'Tamil Nadu', '1');
INSERT INTO `ehms`.`ehms_states` (`state_id`, `state_name`, `country_id`) VALUES ('29', 'Telangana', '1');
INSERT INTO `ehms`.`ehms_states` (`state_id`, `state_name`, `country_id`) VALUES ('30', 'Tripura', '1');
INSERT INTO `ehms`.`ehms_states` (`state_id`, `state_name`, `country_id`) VALUES ('31', 'Uttar Pradesh', '1');
INSERT INTO `ehms`.`ehms_states` (`state_id`, `state_name`, `country_id`) VALUES ('32', 'Uttarakhand', '1');
INSERT INTO `ehms`.`ehms_states` (`state_id`, `state_name`, `country_id`) VALUES ('33', 'West Bengal', '1');
INSERT INTO `ehms`.`ehms_states` (`state_id`, `state_name`, `country_id`) VALUES ('34', 'Andaman and Nicobar Islands', '1');
INSERT INTO `ehms`.`ehms_states` (`state_id`, `state_name`, `country_id`) VALUES ('35', 'Chandigarh', '1');
INSERT INTO `ehms`.`ehms_states` (`state_id`, `state_name`, `country_id`) VALUES ('36', 'Dadra and Nagar Haveli', '1');
INSERT INTO `ehms`.`ehms_states` (`state_id`, `state_name`, `country_id`) VALUES ('37', 'Daman and Diu', '1');
INSERT INTO `ehms`.`ehms_states` (`state_id`, `state_name`, `country_id`) VALUES ('38', 'Delhi', '1');
INSERT INTO `ehms`.`ehms_states` (`state_id`, `state_name`, `country_id`) VALUES ('39', 'Lakshadweep', '1');
INSERT INTO `ehms`.`ehms_states` (`state_id`, `state_name`, `country_id`) VALUES ('40', 'Puducherry', '1');

INSERT INTO `ehms`.`ehms_cities` (`city_name`, `state_id`) VALUES ('Visakhapatnam', '5');
INSERT INTO `ehms`.`ehms_cities` (`city_name`, `state_id`) VALUES ('Vijayawada', '5');
INSERT INTO `ehms`.`ehms_cities` (`city_name`, `state_id`) VALUES ('Guntur', '5');
INSERT INTO `ehms`.`ehms_cities` (`city_name`, `state_id`) VALUES ('Nellore', '5');
INSERT INTO `ehms`.`ehms_cities` (`city_name`, `state_id`) VALUES ('Rajahmundry', '5');
INSERT INTO `ehms`.`ehms_cities` (`city_name`, `state_id`) VALUES ('Kadapa', '5');
INSERT INTO `ehms`.`ehms_cities` (`city_name`, `state_id`) VALUES ('Kurnool', '5');
INSERT INTO `ehms`.`ehms_cities` (`city_name`, `state_id`) VALUES ('Kakinada', '5');
INSERT INTO `ehms`.`ehms_cities` (`city_name`, `state_id`) VALUES ('Tirupati', '5');
INSERT INTO `ehms`.`ehms_cities` (`city_name`, `state_id`) VALUES ('Anantapur', '5');
INSERT INTO `ehms`.`ehms_cities` (`city_name`, `state_id`) VALUES ('Vizianagaram', '5');
INSERT INTO `ehms`.`ehms_cities` (`city_name`, `state_id`) VALUES ('Eluru', '5');
INSERT INTO `ehms`.`ehms_cities` (`city_name`, `state_id`) VALUES ('Ongole', '5');
INSERT INTO `ehms`.`ehms_cities` (`city_name`, `state_id`) VALUES ('Nandyal', '5');
INSERT INTO `ehms`.`ehms_cities` (`city_name`, `state_id`) VALUES ('Machilipatnam', '5');
INSERT INTO `ehms`.`ehms_cities` (`city_name`, `state_id`) VALUES ('Adoni', '5');
INSERT INTO `ehms`.`ehms_cities` (`city_name`, `state_id`) VALUES ('Tenali', '5');
INSERT INTO `ehms`.`ehms_cities` (`city_name`, `state_id`) VALUES ('Proddatur', '5');
INSERT INTO `ehms`.`ehms_cities` (`city_name`, `state_id`) VALUES ('Chittoor', '5');
INSERT INTO `ehms`.`ehms_cities` (`city_name`, `state_id`) VALUES ('Hindupur', '5');
INSERT INTO `ehms`.`ehms_cities` (`city_name`, `state_id`) VALUES ('Bhimavaram', '5');
INSERT INTO `ehms`.`ehms_cities` (`city_name`, `state_id`) VALUES ('Madanapalle', '5');
INSERT INTO `ehms`.`ehms_cities` (`city_name`, `state_id`) VALUES ('Guntakal', '5');
INSERT INTO `ehms`.`ehms_cities` (`city_name`, `state_id`) VALUES ('Srikakulam', '5');
INSERT INTO `ehms`.`ehms_cities` (`city_name`, `state_id`) VALUES ('Dharmavaram', '5');
INSERT INTO `ehms`.`ehms_cities` (`city_name`, `state_id`) VALUES ('Gudivada', '5');
INSERT INTO `ehms`.`ehms_cities` (`city_name`, `state_id`) VALUES ('Narasaraopet', '5');
INSERT INTO `ehms`.`ehms_cities` (`city_name`, `state_id`) VALUES ('Tadipatri', '5');
INSERT INTO `ehms`.`ehms_cities` (`city_name`, `state_id`) VALUES ('Tadepalligudem', '5');
INSERT INTO `ehms`.`ehms_cities` (`city_name`, `state_id`) VALUES ('Amaravati ', '5');
INSERT INTO `ehms`.`ehms_cities` (`city_name`, `state_id`) VALUES ('Chilakaluripet', '5');
insert into `ehms`.`ehms_cities` (`city_name`, `state_id`) values ('Jairampur','6');
insert into `ehms`.`ehms_cities` (`city_name`, `state_id`) values ('Deomali','6');
insert into `ehms`.`ehms_cities` (`city_name`, `state_id`) values ('Yingkiong','6');
insert into `ehms`.`ehms_cities` (`city_name`, `state_id`) values ('Changlang','6');
insert into `ehms`.`ehms_cities` (`city_name`, `state_id`) values ('Miao','6');
insert into `ehms`.`ehms_cities` (`city_name`, `state_id`) values ('Basar','6');
insert into `ehms`.`ehms_cities` (`city_name`, `state_id`) values ('Dirang','6');
insert into `ehms`.`ehms_cities` (`city_name`, `state_id`) values ('Miao','6');
insert into `ehms`.`ehms_cities` (`city_name`, `state_id`) values ('Koloriang','6');
insert into `ehms`.`ehms_cities` (`city_name`, `state_id`) values ('Rupa','6');
insert into `ehms`.`ehms_cities` (`city_name`, `state_id`) values ('Boleng','6');
insert into `ehms`.`ehms_cities` (`city_name`, `state_id`) values ('Hawai','6');
insert into `ehms`.`ehms_cities` (`city_name`, `state_id`) values ('Sagalee','6');
insert into `ehms`.`ehms_cities` (`city_name`, `state_id`) values ('Yupia','6');
insert into `ehms`.`ehms_cities` (`city_name`, `state_id`) values ('Doimukh','6');
insert into `ehms`.`ehms_cities` (`city_name`, `state_id`) values ('Gumto','6');
insert into `ehms`.`ehms_cities` (`city_name`, `state_id`) values ('Longding','6');
insert into `ehms`.`ehms_cities` (`city_name`, `state_id`) values ('Pangin','6');
insert into `ehms`.`ehms_cities` (`city_name`, `state_id`) values ('Likabali','6');
insert into `ehms`.`ehms_cities` (`city_name`, `state_id`) values ('Malinithan','6');
insert into `ehms`.`ehms_cities` (`city_name`, `state_id`) values ('Bhalukpong','6');
insert into `ehms`.`ehms_cities` (`city_name`, `state_id`) values ('Nampong','6');
insert into `ehms`.`ehms_cities` (`city_name`, `state_id`) values ('Hayuliang','6');
insert into `ehms`.`ehms_cities` (`city_name`, `state_id`) values ('Palin','6');
INSERT INTO `ehms`.`ehms_cities` (`city_name`, `state_id`) VALUES ('Guwahati', '7');
INSERT INTO `ehms`.`ehms_cities` (`city_name`, `state_id`) VALUES ('Silchar', '7');
INSERT INTO `ehms`.`ehms_cities` (`city_name`, `state_id`) VALUES ('Dibrugarh', '7');
INSERT INTO `ehms`.`ehms_cities` (`city_name`, `state_id`) VALUES ('Jorhat', '7');
INSERT INTO `ehms`.`ehms_cities` (`city_name`, `state_id`) VALUES ('Nagaon', '7');
INSERT INTO `ehms`.`ehms_cities` (`city_name`, `state_id`) VALUES ('Tinsukia', '7');
INSERT INTO `ehms`.`ehms_cities` (`city_name`, `state_id`) VALUES ('Tezpur', '7');
INSERT INTO `ehms`.`ehms_cities` (`city_name`, `state_id`) VALUES ('Patna', '8');
INSERT INTO `ehms`.`ehms_cities` (`city_name`, `state_id`) VALUES ('Gaya', '8');
INSERT INTO `ehms`.`ehms_cities` (`city_name`, `state_id`) VALUES ('Bhagalpur', '8');
INSERT INTO `ehms`.`ehms_cities` (`city_name`, `state_id`) VALUES ('Muzaffarpur', '8');
INSERT INTO `ehms`.`ehms_cities` (`city_name`, `state_id`) VALUES ('Purnea', '8');
INSERT INTO `ehms`.`ehms_cities` (`city_name`, `state_id`) VALUES ('Darbhanga', '8');
INSERT INTO `ehms`.`ehms_cities` (`city_name`, `state_id`) VALUES ('Biharsarif', '8');
INSERT INTO `ehms`.`ehms_cities` (`city_name`, `state_id`) VALUES ('Bastar', '9');
INSERT INTO `ehms`.`ehms_cities` (`city_name`, `state_id`) VALUES ('Bijapur', '9');
INSERT INTO `ehms`.`ehms_cities` (`city_name`, `state_id`) VALUES ('Sukma', '9');
INSERT INTO `ehms`.`ehms_cities` (`city_name`, `state_id`) VALUES ('Dantewada', '9');
INSERT INTO `ehms`.`ehms_cities` (`city_name`, `state_id`) VALUES ('Kondagaon', '9');
INSERT INTO `ehms`.`ehms_cities` (`city_name`, `state_id`) VALUES ('Narayanpur', '9');
INSERT INTO `ehms`.`ehms_cities` (`city_name`, `state_id`) VALUES ('Kanker ', '9');
INSERT INTO `ehms`.`ehms_cities` (`city_name`, `state_id`) VALUES ('Bicholim', '10');
INSERT INTO `ehms`.`ehms_cities` (`city_name`, `state_id`) VALUES ('Canacona', '10');
INSERT INTO `ehms`.`ehms_cities` (`city_name`, `state_id`) VALUES ('Cuncolim', '10');
INSERT INTO `ehms`.`ehms_cities` (`city_name`, `state_id`) VALUES ('Curchorem', '10');
INSERT INTO `ehms`.`ehms_cities` (`city_name`, `state_id`) VALUES ('Mapusa', '10');
INSERT INTO `ehms`.`ehms_cities` (`city_name`, `state_id`) VALUES ('Margao', '10');
INSERT INTO `ehms`.`ehms_cities` (`city_name`, `state_id`) VALUES ('Mormugao', '10');
INSERT INTO `ehms`.`ehms_cities` (`city_name`, `state_id`) VALUES ('Panaji', '10');
INSERT INTO `ehms`.`ehms_cities` (`city_name`, `state_id`) VALUES ('Pernem', '10');
INSERT INTO `ehms`.`ehms_cities` (`city_name`, `state_id`) VALUES ('Ponda', '10');
INSERT INTO `ehms`.`ehms_cities` (`city_name`, `state_id`) VALUES ('Quepem', '10');
INSERT INTO `ehms`.`ehms_cities` (`city_name`, `state_id`) VALUES ('Sanguem', '10');
INSERT INTO `ehms`.`ehms_cities` (`city_name`, `state_id`) VALUES ('Sanquelim', '10');
INSERT INTO `ehms`.`ehms_cities` (`city_name`, `state_id`) VALUES ('Valpoi', '10');
INSERT INTO `ehms`.`ehms_cities` (`city_name`, `state_id`) VALUES ('Ahmedabad	', '11');
INSERT INTO `ehms`.`ehms_cities` (`city_name`, `state_id`) VALUES ('Surat', '11');
INSERT INTO `ehms`.`ehms_cities` (`city_name`, `state_id`) VALUES ('Vadodara	', '11');
INSERT INTO `ehms`.`ehms_cities` (`city_name`, `state_id`) VALUES ('Rajkot', '11');
INSERT INTO `ehms`.`ehms_cities` (`city_name`, `state_id`) VALUES ('Bhavnagar', '11');
INSERT INTO `ehms`.`ehms_cities` (`city_name`, `state_id`) VALUES ('Jamnagar', '11');
INSERT INTO `ehms`.`ehms_cities` (`city_name`, `state_id`) VALUES ('Junagadh', '11');
INSERT INTO `ehms`.`ehms_cities` (`city_name`, `state_id`) VALUES ('Gandhidham', '11');
INSERT INTO `ehms`.`ehms_cities` (`city_name`, `state_id`) VALUES ('Nadiad', '11');
INSERT INTO `ehms`.`ehms_cities` (`city_name`, `state_id`) VALUES ('Gandhinagar', '11');
INSERT INTO `ehms`.`ehms_cities` (`city_name`, `state_id`) VALUES ('Anand', '11');
INSERT INTO `ehms`.`ehms_cities` (`city_name`, `state_id`) VALUES ('Morbi', '11');
INSERT INTO `ehms`.`ehms_cities` (`city_name`, `state_id`) VALUES ('Mehsana', '11');
INSERT INTO `ehms`.`ehms_cities` (`city_name`, `state_id`) VALUES ('Surendranagar', '11');
INSERT INTO `ehms`.`ehms_cities` (`city_name`, `state_id`) VALUES ('Bharuch', '11');
INSERT INTO `ehms`.`ehms_cities` (`city_name`, `state_id`) VALUES ('Vapi', '11');
INSERT INTO `ehms`.`ehms_cities` (`city_name`, `state_id`) VALUES ('Navsari', '11');
INSERT INTO `ehms`.`ehms_cities` (`city_name`, `state_id`) VALUES ('Veraval', '11');
INSERT INTO `ehms`.`ehms_cities` (`city_name`, `state_id`) VALUES ('Porbandar', '11');
INSERT INTO `ehms`.`ehms_cities` (`city_name`, `state_id`) VALUES ('Godhra', '11');
INSERT INTO `ehms`.`ehms_cities` (`city_name`, `state_id`) VALUES ('Bhuj', '11');
INSERT INTO `ehms`.`ehms_cities` (`city_name`, `state_id`) VALUES ('Ankleshwar', '11');
INSERT INTO `ehms`.`ehms_cities` (`city_name`, `state_id`) VALUES ('Botad', '11');
INSERT INTO `ehms`.`ehms_cities` (`city_name`, `state_id`) VALUES ('Palanpur', '11');
INSERT INTO `ehms`.`ehms_cities` (`city_name`, `state_id`) VALUES ('Patan', '11');
INSERT INTO `ehms`.`ehms_cities` (`city_name`, `state_id`) VALUES ('Dahod', '11');
INSERT INTO `ehms`.`ehms_cities` (`city_name`, `state_id`) VALUES ('Jetpur', '11');
INSERT INTO `ehms`.`ehms_cities` (`city_name`, `state_id`) VALUES ('Valsad', '11');
INSERT INTO `ehms`.`ehms_cities` (`city_name`, `state_id`) VALUES ('Kalol', '11');
INSERT INTO `ehms`.`ehms_cities` (`city_name`, `state_id`) VALUES ('Gondal', '11');
INSERT INTO `ehms`.`ehms_cities` (`city_name`, `state_id`) VALUES ('Amreli', '11');
INSERT INTO `ehms`.`ehms_cities` (`city_name`, `state_id`) VALUES ('Faridabad', '12');
INSERT INTO `ehms`.`ehms_cities` (`city_name`, `state_id`) VALUES ('Gurgaon', '12');
INSERT INTO `ehms`.`ehms_cities` (`city_name`, `state_id`) VALUES ('Panipat', '12');
INSERT INTO `ehms`.`ehms_cities` (`city_name`, `state_id`) VALUES ('Ambala', '12');
INSERT INTO `ehms`.`ehms_cities` (`city_name`, `state_id`) VALUES ('Yamunanagar', '12');
INSERT INTO `ehms`.`ehms_cities` (`city_name`, `state_id`) VALUES ('Rohtak', '12');
INSERT INTO `ehms`.`ehms_cities` (`city_name`, `state_id`) VALUES ('Hisar', '12');
INSERT INTO `ehms`.`ehms_cities` (`city_name`, `state_id`) VALUES ('Karnal', '12');
INSERT INTO `ehms`.`ehms_cities` (`city_name`, `state_id`) VALUES ('Sonipat', '12');
INSERT INTO `ehms`.`ehms_cities` (`city_name`, `state_id`) VALUES ('Panchkula', '12');
INSERT INTO `ehms`.`ehms_cities` (`city_name`, `state_id`) VALUES ('Bhiwani', '12');
INSERT INTO `ehms`.`ehms_cities` (`city_name`, `state_id`) VALUES ('Sirsa', '12');
INSERT INTO `ehms`.`ehms_cities` (`city_name`, `state_id`) VALUES ('Bahadurgarh', '12');
INSERT INTO `ehms`.`ehms_cities` (`city_name`, `state_id`) VALUES ('Jind', '12');
INSERT INTO `ehms`.`ehms_cities` (`city_name`, `state_id`) VALUES ('Thanesar', '12');
INSERT INTO `ehms`.`ehms_cities` (`city_name`, `state_id`) VALUES ('Kaithal', '12');
INSERT INTO `ehms`.`ehms_cities` (`city_name`, `state_id`) VALUES ('Rewari', '12');
INSERT INTO `ehms`.`ehms_cities` (`city_name`, `state_id`) VALUES ('Palwal', '12');
INSERT INTO `ehms`.`ehms_cities` (`city_name`, `state_id`) VALUES ('Bilaspur', '13');
INSERT INTO `ehms`.`ehms_cities` (`city_name`, `state_id`) VALUES ('Chamba', '13');
INSERT INTO `ehms`.`ehms_cities` (`city_name`, `state_id`) VALUES ('Hamirpur', '13');
INSERT INTO `ehms`.`ehms_cities` (`city_name`, `state_id`) VALUES ('Kangra', '13');
INSERT INTO `ehms`.`ehms_cities` (`city_name`, `state_id`) VALUES ('Kinnaur', '13');
INSERT INTO `ehms`.`ehms_cities` (`city_name`, `state_id`) VALUES ('Kullu', '13');
INSERT INTO `ehms`.`ehms_cities` (`city_name`, `state_id`) VALUES ('Lahaul and Spiti', '13');
INSERT INTO `ehms`.`ehms_cities` (`city_name`, `state_id`) VALUES ('Mandi', '13');
INSERT INTO `ehms`.`ehms_cities` (`city_name`, `state_id`) VALUES ('Shimla', '13');
INSERT INTO `ehms`.`ehms_cities` (`city_name`, `state_id`) VALUES ('Sirmaur', '13');
INSERT INTO `ehms`.`ehms_cities` (`city_name`, `state_id`) VALUES ('Solan', '13');
INSERT INTO `ehms`.`ehms_cities` (`city_name`, `state_id`) VALUES ('Una', '13');
INSERT INTO `ehms`.`ehms_cities` (`city_name`, `state_id`) VALUES ('Anantnag', '14');
INSERT INTO `ehms`.`ehms_cities` (`city_name`, `state_id`) VALUES ('Badgam', '14');
INSERT INTO `ehms`.`ehms_cities` (`city_name`, `state_id`) VALUES ('Bandipore', '14');
INSERT INTO `ehms`.`ehms_cities` (`city_name`, `state_id`) VALUES ('Baramula', '14');
INSERT INTO `ehms`.`ehms_cities` (`city_name`, `state_id`) VALUES ('Doda', '14');
INSERT INTO `ehms`.`ehms_cities` (`city_name`, `state_id`) VALUES ('Ganderbal', '14');
INSERT INTO `ehms`.`ehms_cities` (`city_name`, `state_id`) VALUES ('Jammu', '14');
INSERT INTO `ehms`.`ehms_cities` (`city_name`, `state_id`) VALUES ('Kargil', '14');
INSERT INTO `ehms`.`ehms_cities` (`city_name`, `state_id`) VALUES ('Kathua', '14');
INSERT INTO `ehms`.`ehms_cities` (`city_name`, `state_id`) VALUES ('Kishtwar', '14');
INSERT INTO `ehms`.`ehms_cities` (`city_name`, `state_id`) VALUES ('Kulgam', '14');
INSERT INTO `ehms`.`ehms_cities` (`city_name`, `state_id`) VALUES ('Kupwara', '14');
INSERT INTO `ehms`.`ehms_cities` (`city_name`, `state_id`) VALUES ('Leh', '14');
INSERT INTO `ehms`.`ehms_cities` (`city_name`, `state_id`) VALUES ('Pulwama', '14');
INSERT INTO `ehms`.`ehms_cities` (`city_name`, `state_id`) VALUES ('Punch', '14');
INSERT INTO `ehms`.`ehms_cities` (`city_name`, `state_id`) VALUES ('Rajouri', '14');
INSERT INTO `ehms`.`ehms_cities` (`city_name`, `state_id`) VALUES ('Ramban', '14');
INSERT INTO `ehms`.`ehms_cities` (`city_name`, `state_id`) VALUES ('Reasi', '14');
INSERT INTO `ehms`.`ehms_cities` (`city_name`, `state_id`) VALUES ('Samba', '14');
INSERT INTO `ehms`.`ehms_cities` (`city_name`, `state_id`) VALUES ('Shupiyan', '14');
INSERT INTO `ehms`.`ehms_cities` (`city_name`, `state_id`) VALUES ('Srinagar', '14');
INSERT INTO `ehms`.`ehms_cities` (`city_name`, `state_id`) VALUES ('Udhampur', '14');
INSERT INTO `ehms`.`ehms_cities` (`city_name`, `state_id`) VALUES ('Jamshedpur', '15');
INSERT INTO `ehms`.`ehms_cities` (`city_name`, `state_id`) VALUES ('Dhanbad', '15');
INSERT INTO `ehms`.`ehms_cities` (`city_name`, `state_id`) VALUES ('Ranchi', '15');
INSERT INTO `ehms`.`ehms_cities` (`city_name`, `state_id`) VALUES ('Bokaro Steel City', '15');
INSERT INTO `ehms`.`ehms_cities` (`city_name`, `state_id`) VALUES ('Deoghar', '15');
INSERT INTO `ehms`.`ehms_cities` (`city_name`, `state_id`) VALUES ('Phusro', '15');
INSERT INTO `ehms`.`ehms_cities` (`city_name`, `state_id`) VALUES ('Hazaribagh', '15');
INSERT INTO `ehms`.`ehms_cities` (`city_name`, `state_id`) VALUES ('Giridih', '15');
INSERT INTO `ehms`.`ehms_cities` (`city_name`, `state_id`) VALUES ('Ramgarh', '15');
INSERT INTO `ehms`.`ehms_cities` (`city_name`, `state_id`) VALUES ('Medininagar', '15');
INSERT INTO `ehms`.`ehms_cities` (`city_name`, `state_id`) VALUES ('Chirkunda', '15');
INSERT INTO `ehms`.`ehms_cities` (`city_name`, `state_id`) VALUES ('Bagalkot', '16');
INSERT INTO `ehms`.`ehms_cities` (`city_name`, `state_id`) VALUES ('Bengaluru Urban', '16');
INSERT INTO `ehms`.`ehms_cities` (`city_name`, `state_id`) VALUES ('Bengaluru Rural', '16');
INSERT INTO `ehms`.`ehms_cities` (`city_name`, `state_id`) VALUES ('Belagavi', '16');
INSERT INTO `ehms`.`ehms_cities` (`city_name`, `state_id`) VALUES ('Bellary', '16');
INSERT INTO `ehms`.`ehms_cities` (`city_name`, `state_id`) VALUES ('Bidar', '16');
INSERT INTO `ehms`.`ehms_cities` (`city_name`, `state_id`) VALUES ('Vijayapura', '16');
INSERT INTO `ehms`.`ehms_cities` (`city_name`, `state_id`) VALUES ('Chamarajanagar', '16');
INSERT INTO `ehms`.`ehms_cities` (`city_name`, `state_id`) VALUES ('Chikballapur', '16');
INSERT INTO `ehms`.`ehms_cities` (`city_name`, `state_id`) VALUES ('Chikkamagaluru', '16');
INSERT INTO `ehms`.`ehms_cities` (`city_name`, `state_id`) VALUES ('Chitradurga', '16');
INSERT INTO `ehms`.`ehms_cities` (`city_name`, `state_id`) VALUES ('Dakshina Kannada', '16');
INSERT INTO `ehms`.`ehms_cities` (`city_name`, `state_id`) VALUES ('Davanagere', '16');
INSERT INTO `ehms`.`ehms_cities` (`city_name`, `state_id`) VALUES ('Dharwad', '16');
INSERT INTO `ehms`.`ehms_cities` (`city_name`, `state_id`) VALUES ('Gadag', '16');
INSERT INTO `ehms`.`ehms_cities` (`city_name`, `state_id`) VALUES ('Kalaburagi', '16');
INSERT INTO `ehms`.`ehms_cities` (`city_name`, `state_id`) VALUES ('Hassan', '16');
INSERT INTO `ehms`.`ehms_cities` (`city_name`, `state_id`) VALUES ('Haveri', '16');
INSERT INTO `ehms`.`ehms_cities` (`city_name`, `state_id`) VALUES ('Kodagu', '16');
INSERT INTO `ehms`.`ehms_cities` (`city_name`, `state_id`) VALUES ('Kolar', '16');
INSERT INTO `ehms`.`ehms_cities` (`city_name`, `state_id`) VALUES ('Koppal', '16');
INSERT INTO `ehms`.`ehms_cities` (`city_name`, `state_id`) VALUES ('Mandya', '16');
INSERT INTO `ehms`.`ehms_cities` (`city_name`, `state_id`) VALUES ('Mysuru', '16');
INSERT INTO `ehms`.`ehms_cities` (`city_name`, `state_id`) VALUES ('Raichur', '16');
INSERT INTO `ehms`.`ehms_cities` (`city_name`, `state_id`) VALUES ('Ramanagara', '16');
INSERT INTO `ehms`.`ehms_cities` (`city_name`, `state_id`) VALUES ('Shivamogga', '16');
INSERT INTO `ehms`.`ehms_cities` (`city_name`, `state_id`) VALUES ('Tumakuru', '16');
INSERT INTO `ehms`.`ehms_cities` (`city_name`, `state_id`) VALUES ('Udupi', '16');
INSERT INTO `ehms`.`ehms_cities` (`city_name`, `state_id`) VALUES ('Uttara Kannada', '16');
INSERT INTO `ehms`.`ehms_cities` (`city_name`, `state_id`) VALUES ('Yadgir', '16');
INSERT INTO `ehms`.`ehms_cities` (`city_name`, `state_id`) VALUES ('Alappuzha', '17');
INSERT INTO `ehms`.`ehms_cities` (`city_name`, `state_id`) VALUES ('Ernakulam', '17');
INSERT INTO `ehms`.`ehms_cities` (`city_name`, `state_id`) VALUES ('Idukki', '17');
INSERT INTO `ehms`.`ehms_cities` (`city_name`, `state_id`) VALUES ('Kannur', '17');
INSERT INTO `ehms`.`ehms_cities` (`city_name`, `state_id`) VALUES ('Kasaragod', '17');
INSERT INTO `ehms`.`ehms_cities` (`city_name`, `state_id`) VALUES ('Kollam', '17');
INSERT INTO `ehms`.`ehms_cities` (`city_name`, `state_id`) VALUES ('Kottayam', '17');
INSERT INTO `ehms`.`ehms_cities` (`city_name`, `state_id`) VALUES ('Kozhikode', '17');
INSERT INTO `ehms`.`ehms_cities` (`city_name`, `state_id`) VALUES ('Malappuram', '17');
INSERT INTO `ehms`.`ehms_cities` (`city_name`, `state_id`) VALUES ('Palakkad', '17');
INSERT INTO `ehms`.`ehms_cities` (`city_name`, `state_id`) VALUES ('Pathanamthitta', '17');
INSERT INTO `ehms`.`ehms_cities` (`city_name`, `state_id`) VALUES ('Thiruvananthapuram', '17');
INSERT INTO `ehms`.`ehms_cities` (`city_name`, `state_id`) VALUES ('Thrissur', '17');
INSERT INTO `ehms`.`ehms_cities` (`city_name`, `state_id`) VALUES ('Wayanad', '17');
INSERT INTO `ehms`.`ehms_cities` (`city_name`, `state_id`) VALUES (' Agarmalwa', '18');
INSERT INTO `ehms`.`ehms_cities` (`city_name`, `state_id`) VALUES ('Alirajpur', '18');
INSERT INTO `ehms`.`ehms_cities` (`city_name`, `state_id`) VALUES ('Anuppur', '18');
INSERT INTO `ehms`.`ehms_cities` (`city_name`, `state_id`) VALUES ('Ashoknagar', '18');
INSERT INTO `ehms`.`ehms_cities` (`city_name`, `state_id`) VALUES ('Balaghat', '18');
INSERT INTO `ehms`.`ehms_cities` (`city_name`, `state_id`) VALUES ('Barwani', '18');
INSERT INTO `ehms`.`ehms_cities` (`city_name`, `state_id`) VALUES ('Betul', '18');
INSERT INTO `ehms`.`ehms_cities` (`city_name`, `state_id`) VALUES ('Bhind', '18');
INSERT INTO `ehms`.`ehms_cities` (`city_name`, `state_id`) VALUES ('Bhopal', '18');
INSERT INTO `ehms`.`ehms_cities` (`city_name`, `state_id`) VALUES ('Burhanpur', '18');
INSERT INTO `ehms`.`ehms_cities` (`city_name`, `state_id`) VALUES ('Chhatarpur', '18');
INSERT INTO `ehms`.`ehms_cities` (`city_name`, `state_id`) VALUES ('Chhindwara', '18');
INSERT INTO `ehms`.`ehms_cities` (`city_name`, `state_id`) VALUES ('Damoh', '18');
INSERT INTO `ehms`.`ehms_cities` (`city_name`, `state_id`) VALUES ('Datia', '18');
INSERT INTO `ehms`.`ehms_cities` (`city_name`, `state_id`) VALUES ('Dewas', '18');
INSERT INTO `ehms`.`ehms_cities` (`city_name`, `state_id`) VALUES ('Dhar', '18');
INSERT INTO `ehms`.`ehms_cities` (`city_name`, `state_id`) VALUES ('Dindori', '18');
INSERT INTO `ehms`.`ehms_cities` (`city_name`, `state_id`) VALUES ('Guna', '18');
INSERT INTO `ehms`.`ehms_cities` (`city_name`, `state_id`) VALUES ('Gwalior', '18');
INSERT INTO `ehms`.`ehms_cities` (`city_name`, `state_id`) VALUES ('Harda', '18');
INSERT INTO `ehms`.`ehms_cities` (`city_name`, `state_id`) VALUES ('Hoshangabad', '18');
INSERT INTO `ehms`.`ehms_cities` (`city_name`, `state_id`) VALUES ('Indore', '18');
INSERT INTO `ehms`.`ehms_cities` (`city_name`, `state_id`) VALUES ('Jabalpur', '18');
INSERT INTO `ehms`.`ehms_cities` (`city_name`, `state_id`) VALUES ('Jhabua', '18');
INSERT INTO `ehms`.`ehms_cities` (`city_name`, `state_id`) VALUES ('Katni', '18');
INSERT INTO `ehms`.`ehms_cities` (`city_name`, `state_id`) VALUES ('Khandwa', '18');
INSERT INTO `ehms`.`ehms_cities` (`city_name`, `state_id`) VALUES ('Khargone', '18');
INSERT INTO `ehms`.`ehms_cities` (`city_name`, `state_id`) VALUES ('Mandla', '18');
INSERT INTO `ehms`.`ehms_cities` (`city_name`, `state_id`) VALUES ('Mandsaur', '18');
INSERT INTO `ehms`.`ehms_cities` (`city_name`, `state_id`) VALUES ('Morena', '18');
INSERT INTO `ehms`.`ehms_cities` (`city_name`, `state_id`) VALUES ('Narsinghpur', '18');
INSERT INTO `ehms`.`ehms_cities` (`city_name`, `state_id`) VALUES ('Neemuch', '18');
INSERT INTO `ehms`.`ehms_cities` (`city_name`, `state_id`) VALUES ('Panna', '18');
INSERT INTO `ehms`.`ehms_cities` (`city_name`, `state_id`) VALUES ('Raisen', '18');
INSERT INTO `ehms`.`ehms_cities` (`city_name`, `state_id`) VALUES ('Rajgarh', '18');
INSERT INTO `ehms`.`ehms_cities` (`city_name`, `state_id`) VALUES ('Ratlam', '18');
INSERT INTO `ehms`.`ehms_cities` (`city_name`, `state_id`) VALUES ('Rewa', '18');
INSERT INTO `ehms`.`ehms_cities` (`city_name`, `state_id`) VALUES ('Sagar', '18');
INSERT INTO `ehms`.`ehms_cities` (`city_name`, `state_id`) VALUES ('Satna', '18');
INSERT INTO `ehms`.`ehms_cities` (`city_name`, `state_id`) VALUES ('Sehore', '18');
INSERT INTO `ehms`.`ehms_cities` (`city_name`, `state_id`) VALUES ('Seoni', '18');
INSERT INTO `ehms`.`ehms_cities` (`city_name`, `state_id`) VALUES ('Singrauli', '18');
INSERT INTO `ehms`.`ehms_cities` (`city_name`, `state_id`) VALUES ('Shahdol', '18');
INSERT INTO `ehms`.`ehms_cities` (`city_name`, `state_id`) VALUES ('Shajapur', '18');
INSERT INTO `ehms`.`ehms_cities` (`city_name`, `state_id`) VALUES ('Sheopur', '18');
INSERT INTO `ehms`.`ehms_cities` (`city_name`, `state_id`) VALUES ('Shivpuri', '18');
INSERT INTO `ehms`.`ehms_cities` (`city_name`, `state_id`) VALUES ('Sidhi', '18');
INSERT INTO `ehms`.`ehms_cities` (`city_name`, `state_id`) VALUES ('Tikamgarh', '18');
INSERT INTO `ehms`.`ehms_cities` (`city_name`, `state_id`) VALUES ('Ujjain', '18');
INSERT INTO `ehms`.`ehms_cities` (`city_name`, `state_id`) VALUES ('Umaria', '18');
INSERT INTO `ehms`.`ehms_cities` (`city_name`, `state_id`) VALUES ('Vidisha', '18');
INSERT INTO `ehms`.`ehms_cities` (`city_name`, `state_id`) VALUES ('Mumbai', '19');
INSERT INTO `ehms`.`ehms_cities` (`city_name`, `state_id`) VALUES ('Pune', '19');
INSERT INTO `ehms`.`ehms_cities` (`city_name`, `state_id`) VALUES ('Nagpur', '19');
INSERT INTO `ehms`.`ehms_cities` (`city_name`, `state_id`) VALUES ('Thane', '19');
INSERT INTO `ehms`.`ehms_cities` (`city_name`, `state_id`) VALUES ('Nashik', '19');
INSERT INTO `ehms`.`ehms_cities` (`city_name`, `state_id`) VALUES ('Aurangabad', '19');
INSERT INTO `ehms`.`ehms_cities` (`city_name`, `state_id`) VALUES ('Solapur', '19');
INSERT INTO `ehms`.`ehms_cities` (`city_name`, `state_id`) VALUES ('Kalyan-Dombivali', '19');
INSERT INTO `ehms`.`ehms_cities` (`city_name`, `state_id`) VALUES ('Vasai-Virar', '19');
INSERT INTO `ehms`.`ehms_cities` (`city_name`, `state_id`) VALUES ('Navi Mumbai', '19');
INSERT INTO `ehms`.`ehms_cities` (`city_name`, `state_id`) VALUES ('Nanded', '19');
INSERT INTO `ehms`.`ehms_cities` (`city_name`, `state_id`) VALUES ('Kolhapur', '19');
INSERT INTO `ehms`.`ehms_cities` (`city_name`, `state_id`) VALUES ('Amravati', '19');
INSERT INTO `ehms`.`ehms_cities` (`city_name`, `state_id`) VALUES ('Akola', '19');
INSERT INTO `ehms`.`ehms_cities` (`city_name`, `state_id`) VALUES ('Bhiwandi-Nizampur', '19');
INSERT INTO `ehms`.`ehms_cities` (`city_name`, `state_id`) VALUES ('Dhule', '19');
INSERT INTO `ehms`.`ehms_cities` (`city_name`, `state_id`) VALUES ('Jalgaon', '19');
INSERT INTO `ehms`.`ehms_cities` (`city_name`, `state_id`) VALUES ('Latur', '19');
INSERT INTO `ehms`.`ehms_cities` (`city_name`, `state_id`) VALUES ('Panvel', '19');
INSERT INTO `ehms`.`ehms_cities` (`city_name`, `state_id`) VALUES ('Ulhasnagar', '19');
INSERT INTO `ehms`.`ehms_cities` (`city_name`, `state_id`) VALUES ('Sangli-Miraj & Kupwad', '19');
INSERT INTO `ehms`.`ehms_cities` (`city_name`, `state_id`) VALUES ('Malegaon', '19');
INSERT INTO `ehms`.`ehms_cities` (`city_name`, `state_id`) VALUES ('Ahmednagar', '19');
INSERT INTO `ehms`.`ehms_cities` (`city_name`, `state_id`) VALUES ('Ichalkaranji', '19');
INSERT INTO `ehms`.`ehms_cities` (`city_name`, `state_id`) VALUES ('Chandrapur', '19');
INSERT INTO `ehms`.`ehms_cities` (`city_name`, `state_id`) VALUES ('Bishnupur', '20');
INSERT INTO `ehms`.`ehms_cities` (`city_name`, `state_id`) VALUES ('Thoubal', '20');
INSERT INTO `ehms`.`ehms_cities` (`city_name`, `state_id`) VALUES ('Imphal East', '20');
INSERT INTO `ehms`.`ehms_cities` (`city_name`, `state_id`) VALUES ('Imphal West', '20');
INSERT INTO `ehms`.`ehms_cities` (`city_name`, `state_id`) VALUES ('Senapati', '20');
INSERT INTO `ehms`.`ehms_cities` (`city_name`, `state_id`) VALUES ('Ukhrul', '20');
INSERT INTO `ehms`.`ehms_cities` (`city_name`, `state_id`) VALUES ('Chandel', '20');
INSERT INTO `ehms`.`ehms_cities` (`city_name`, `state_id`) VALUES ('Churachandpur', '20');
INSERT INTO `ehms`.`ehms_cities` (`city_name`, `state_id`) VALUES ('Tamenglong', '20');
INSERT INTO `ehms`.`ehms_cities` (`city_name`, `state_id`) VALUES ('Jiribam', '20');
INSERT INTO `ehms`.`ehms_cities` (`city_name`, `state_id`) VALUES ('Kangpokpi', '20');
INSERT INTO `ehms`.`ehms_cities` (`city_name`, `state_id`) VALUES ('Kakching', '20');
INSERT INTO `ehms`.`ehms_cities` (`city_name`, `state_id`) VALUES ('Tengnoupal', '20');
INSERT INTO `ehms`.`ehms_cities` (`city_name`, `state_id`) VALUES ('Kamjong', '20');
INSERT INTO `ehms`.`ehms_cities` (`city_name`, `state_id`) VALUES ('Noney', '20');
INSERT INTO `ehms`.`ehms_cities` (`city_name`, `state_id`) VALUES ('Pherzawl', '20');
INSERT INTO `ehms`.`ehms_cities` (`city_name`, `state_id`) VALUES ('Baghmara', '21');
INSERT INTO `ehms`.`ehms_cities` (`city_name`, `state_id`) VALUES ('Cherrapunjee', '21');
INSERT INTO `ehms`.`ehms_cities` (`city_name`, `state_id`) VALUES ('Jowai', '21');
INSERT INTO `ehms`.`ehms_cities` (`city_name`, `state_id`) VALUES ('Lawsohtun', '21');
INSERT INTO `ehms`.`ehms_cities` (`city_name`, `state_id`) VALUES ('Madanriting', '21');
INSERT INTO `ehms`.`ehms_cities` (`city_name`, `state_id`) VALUES ('Mairang', '21');
INSERT INTO `ehms`.`ehms_cities` (`city_name`, `state_id`) VALUES ('Mawlai', '21');
INSERT INTO `ehms`.`ehms_cities` (`city_name`, `state_id`) VALUES ('Mawpat', '21');
INSERT INTO `ehms`.`ehms_cities` (`city_name`, `state_id`) VALUES ('Nongkseh', '21');
INSERT INTO `ehms`.`ehms_cities` (`city_name`, `state_id`) VALUES ('Nongmynsong', '21');
INSERT INTO `ehms`.`ehms_cities` (`city_name`, `state_id`) VALUES ('Nongpoh', '21');
INSERT INTO `ehms`.`ehms_cities` (`city_name`, `state_id`) VALUES ('Nongstoin', '21');
INSERT INTO `ehms`.`ehms_cities` (`city_name`, `state_id`) VALUES ('Nongthymmai', '21');
INSERT INTO `ehms`.`ehms_cities` (`city_name`, `state_id`) VALUES ('Pynthormukhrah', '21');
INSERT INTO `ehms`.`ehms_cities` (`city_name`, `state_id`) VALUES ('Resubelpara', '21');
INSERT INTO `ehms`.`ehms_cities` (`city_name`, `state_id`) VALUES ('Shillong', '21');
INSERT INTO `ehms`.`ehms_cities` (`city_name`, `state_id`) VALUES ('Shillong Cantonment', '21');
INSERT INTO `ehms`.`ehms_cities` (`city_name`, `state_id`) VALUES ('Tura', '21');
INSERT INTO `ehms`.`ehms_cities` (`city_name`, `state_id`) VALUES ('Umlyngka', '21');
INSERT INTO `ehms`.`ehms_cities` (`city_name`, `state_id`) VALUES ('Umpling', '21');
INSERT INTO `ehms`.`ehms_cities` (`city_name`, `state_id`) VALUES ('Umroi', '21');
INSERT INTO `ehms`.`ehms_cities` (`city_name`, `state_id`) VALUES ('Williamnagar', '21');
INSERT INTO `ehms`.`ehms_cities` (`city_name`, `state_id`) VALUES ('Aizawl', '22');
INSERT INTO `ehms`.`ehms_cities` (`city_name`, `state_id`) VALUES ('Kolasib', '22');
INSERT INTO `ehms`.`ehms_cities` (`city_name`, `state_id`) VALUES ('Lawngtlai', '22');
INSERT INTO `ehms`.`ehms_cities` (`city_name`, `state_id`) VALUES ('Lunglei', '22');
INSERT INTO `ehms`.`ehms_cities` (`city_name`, `state_id`) VALUES ('Mamit', '22');
INSERT INTO `ehms`.`ehms_cities` (`city_name`, `state_id`) VALUES ('Siaha', '22');
INSERT INTO `ehms`.`ehms_cities` (`city_name`, `state_id`) VALUES ('Serchhip', '22');
INSERT INTO `ehms`.`ehms_cities` (`city_name`, `state_id`) VALUES ('Champhai', '22');
INSERT INTO `ehms`.`ehms_cities` (`city_name`, `state_id`) VALUES ('Dimapur', '23');
INSERT INTO `ehms`.`ehms_cities` (`city_name`, `state_id`) VALUES ('Kiphire', '23');
INSERT INTO `ehms`.`ehms_cities` (`city_name`, `state_id`) VALUES ('Kohima', '23');
INSERT INTO `ehms`.`ehms_cities` (`city_name`, `state_id`) VALUES ('Longleng', '23');
INSERT INTO `ehms`.`ehms_cities` (`city_name`, `state_id`) VALUES ('Mokokchung', '23');
INSERT INTO `ehms`.`ehms_cities` (`city_name`, `state_id`) VALUES ('Mon', '23');
INSERT INTO `ehms`.`ehms_cities` (`city_name`, `state_id`) VALUES ('Peren', '23');
INSERT INTO `ehms`.`ehms_cities` (`city_name`, `state_id`) VALUES ('Phek', '23');
INSERT INTO `ehms`.`ehms_cities` (`city_name`, `state_id`) VALUES ('Tuensang', '23');
INSERT INTO `ehms`.`ehms_cities` (`city_name`, `state_id`) VALUES ('Wokha', '23');
INSERT INTO `ehms`.`ehms_cities` (`city_name`, `state_id`) VALUES ('Zunheboto', '23');
INSERT INTO `ehms`.`ehms_cities` (`city_name`, `state_id`) VALUES ('Bhubaneswar', '24');
INSERT INTO `ehms`.`ehms_cities` (`city_name`, `state_id`) VALUES ('Cuttack', '24');
INSERT INTO `ehms`.`ehms_cities` (`city_name`, `state_id`) VALUES ('Rourkela', '24');
INSERT INTO `ehms`.`ehms_cities` (`city_name`, `state_id`) VALUES ('Brahmapur', '24');
INSERT INTO `ehms`.`ehms_cities` (`city_name`, `state_id`) VALUES ('Sambalpur', '24');
INSERT INTO `ehms`.`ehms_cities` (`city_name`, `state_id`) VALUES ('Puri', '24');
INSERT INTO `ehms`.`ehms_cities` (`city_name`, `state_id`) VALUES ('Balasore', '24');
INSERT INTO `ehms`.`ehms_cities` (`city_name`, `state_id`) VALUES ('Bhadrak', '24');
INSERT INTO `ehms`.`ehms_cities` (`city_name`, `state_id`) VALUES ('Baripada', '24');
INSERT INTO `ehms`.`ehms_cities` (`city_name`, `state_id`) VALUES ('Jharsuguda', '24');
INSERT INTO `ehms`.`ehms_cities` (`city_name`, `state_id`) VALUES ('Bargarh', '24');
INSERT INTO `ehms`.`ehms_cities` (`city_name`, `state_id`) VALUES ('Dhenkanal', '24');
INSERT INTO `ehms`.`ehms_cities` (`city_name`, `state_id`) VALUES ('Barbil', '24');
INSERT INTO `ehms`.`ehms_cities` (`city_name`, `state_id`) VALUES ('Angul', '24');
INSERT INTO `ehms`.`ehms_cities` (`city_name`, `state_id`) VALUES ('Jajpur', '24');
INSERT INTO `ehms`.`ehms_cities` (`city_name`, `state_id`) VALUES ('Ludhiana', '25');
INSERT INTO `ehms`.`ehms_cities` (`city_name`, `state_id`) VALUES ('Amritsar', '25');
INSERT INTO `ehms`.`ehms_cities` (`city_name`, `state_id`) VALUES ('Jalandhar', '25');
INSERT INTO `ehms`.`ehms_cities` (`city_name`, `state_id`) VALUES ('Patiala', '25');
INSERT INTO `ehms`.`ehms_cities` (`city_name`, `state_id`) VALUES ('Bathinda', '25');
INSERT INTO `ehms`.`ehms_cities` (`city_name`, `state_id`) VALUES ('Hoshiarpur', '25');
INSERT INTO `ehms`.`ehms_cities` (`city_name`, `state_id`) VALUES ('Mohali', '25');
INSERT INTO `ehms`.`ehms_cities` (`city_name`, `state_id`) VALUES ('Batala', '25');
INSERT INTO `ehms`.`ehms_cities` (`city_name`, `state_id`) VALUES ('Pathankot', '25');
INSERT INTO `ehms`.`ehms_cities` (`city_name`, `state_id`) VALUES ('Moga', '25');
INSERT INTO `ehms`.`ehms_cities` (`city_name`, `state_id`) VALUES ('Abohar', '25');
INSERT INTO `ehms`.`ehms_cities` (`city_name`, `state_id`) VALUES ('Malerkotla', '25');
INSERT INTO `ehms`.`ehms_cities` (`city_name`, `state_id`) VALUES ('Khanna', '25');
INSERT INTO `ehms`.`ehms_cities` (`city_name`, `state_id`) VALUES ('Phagwara', '25');
INSERT INTO `ehms`.`ehms_cities` (`city_name`, `state_id`) VALUES ('Muktasar', '25');
INSERT INTO `ehms`.`ehms_cities` (`city_name`, `state_id`) VALUES ('Barnala', '25');
INSERT INTO `ehms`.`ehms_cities` (`city_name`, `state_id`) VALUES ('Rajpura', '25');
INSERT INTO `ehms`.`ehms_cities` (`city_name`, `state_id`) VALUES ('Firozpur', '25');
INSERT INTO `ehms`.`ehms_cities` (`city_name`, `state_id`) VALUES ('Kapurthala', '25');
INSERT INTO `ehms`.`ehms_cities` (`city_name`, `state_id`) VALUES ('Sunam', '25');
INSERT INTO `ehms`.`ehms_cities` (`city_name`, `state_id`) VALUES ('Jaipur', '26');
INSERT INTO `ehms`.`ehms_cities` (`city_name`, `state_id`) VALUES ('Jodhpur', '26');
INSERT INTO `ehms`.`ehms_cities` (`city_name`, `state_id`) VALUES ('Kota', '26');
INSERT INTO `ehms`.`ehms_cities` (`city_name`, `state_id`) VALUES ('Bikaner', '26');
INSERT INTO `ehms`.`ehms_cities` (`city_name`, `state_id`) VALUES ('Ajmer', '26');
INSERT INTO `ehms`.`ehms_cities` (`city_name`, `state_id`) VALUES ('Udaipur', '26');
INSERT INTO `ehms`.`ehms_cities` (`city_name`, `state_id`) VALUES ('Bhilwara', '26');
INSERT INTO `ehms`.`ehms_cities` (`city_name`, `state_id`) VALUES ('Alwar', '26');
INSERT INTO `ehms`.`ehms_cities` (`city_name`, `state_id`) VALUES ('Bharatpur', '26');
INSERT INTO `ehms`.`ehms_cities` (`city_name`, `state_id`) VALUES ('Sikar', '26');
INSERT INTO `ehms`.`ehms_cities` (`city_name`, `state_id`) VALUES ('Sri Ganganagar', '26');
INSERT INTO `ehms`.`ehms_cities` (`city_name`, `state_id`) VALUES ('pali', '26');
INSERT INTO `ehms`.`ehms_cities` (`city_name`, `state_id`) VALUES ('chittorgarh', '26');
INSERT INTO `ehms`.`ehms_cities` (`city_name`, `state_id`) VALUES ('Tonk', '26');
INSERT INTO `ehms`.`ehms_cities` (`city_name`, `state_id`) VALUES ('Kishangarh', '26');
INSERT INTO `ehms`.`ehms_cities` (`city_name`, `state_id`) VALUES ('Beawar', '26');
INSERT INTO `ehms`.`ehms_cities` (`city_name`, `state_id`) VALUES ('Hanumangarh', '26');
INSERT INTO `ehms`.`ehms_cities` (`city_name`, `state_id`) VALUES ('dholpur', '26');
INSERT INTO `ehms`.`ehms_cities` (`city_name`, `state_id`) VALUES ('Gangapur', '26');
INSERT INTO `ehms`.`ehms_cities` (`city_name`, `state_id`) VALUES ('Sawai Madhopur', '26');
INSERT INTO `ehms`.`ehms_cities` (`city_name`, `state_id`) VALUES ('churu', '26');
INSERT INTO `ehms`.`ehms_cities` (`city_name`, `state_id`) VALUES ('Jhunjhunu', '26');
INSERT INTO `ehms`.`ehms_cities` (`city_name`, `state_id`) VALUES ('Gangtok', '27');
INSERT INTO `ehms`.`ehms_cities` (`city_name`, `state_id`) VALUES ('Gyalshing', '27');
INSERT INTO `ehms`.`ehms_cities` (`city_name`, `state_id`) VALUES ('Jorethang', '27');
INSERT INTO `ehms`.`ehms_cities` (`city_name`, `state_id`) VALUES ('Mangan', '27');
INSERT INTO `ehms`.`ehms_cities` (`city_name`, `state_id`) VALUES ('Namchi', '27');
INSERT INTO `ehms`.`ehms_cities` (`city_name`, `state_id`) VALUES ('Nayabazar', '27');
INSERT INTO `ehms`.`ehms_cities` (`city_name`, `state_id`) VALUES ('Rangpo', '27');
INSERT INTO `ehms`.`ehms_cities` (`city_name`, `state_id`) VALUES ('Rhenak', '27');
INSERT INTO `ehms`.`ehms_cities` (`city_name`, `state_id`) VALUES ('Singtam', '27');
INSERT INTO `ehms`.`ehms_cities` (`city_name`, `state_id`) VALUES ('Chennai', '28');
INSERT INTO `ehms`.`ehms_cities` (`city_name`, `state_id`) VALUES ('Coimbatore', '28');
INSERT INTO `ehms`.`ehms_cities` (`city_name`, `state_id`) VALUES ('Madurai', '28');
INSERT INTO `ehms`.`ehms_cities` (`city_name`, `state_id`) VALUES ('Tiruchirappalli', '28');
INSERT INTO `ehms`.`ehms_cities` (`city_name`, `state_id`) VALUES ('Tiruppur', '28');
INSERT INTO `ehms`.`ehms_cities` (`city_name`, `state_id`) VALUES ('Salem', '28');
INSERT INTO `ehms`.`ehms_cities` (`city_name`, `state_id`) VALUES ('Erode', '28');
INSERT INTO `ehms`.`ehms_cities` (`city_name`, `state_id`) VALUES ('Vellore', '28');
INSERT INTO `ehms`.`ehms_cities` (`city_name`, `state_id`) VALUES ('Tirunelveli', '28');
INSERT INTO `ehms`.`ehms_cities` (`city_name`, `state_id`) VALUES ('Thoothukkudi', '28');
INSERT INTO `ehms`.`ehms_cities` (`city_name`, `state_id`) VALUES ('Nagercoil', '28');
INSERT INTO `ehms`.`ehms_cities` (`city_name`, `state_id`) VALUES ('Thanjavur', '28');
INSERT INTO `ehms`.`ehms_cities` (`city_name`, `state_id`) VALUES ('Dindigul', '28');
INSERT INTO `ehms`.`ehms_cities` (`city_name`, `state_id`) VALUES ('Cuddalore', '28');
INSERT INTO `ehms`.`ehms_cities` (`city_name`, `state_id`) VALUES ('Kanchipuram', '28');
INSERT INTO `ehms`.`ehms_cities` (`city_name`, `state_id`) VALUES ('Tiruvannamalai', '28');
INSERT INTO `ehms`.`ehms_cities` (`city_name`, `state_id`) VALUES ('Kumbakonam', '28');
INSERT INTO `ehms`.`ehms_cities` (`city_name`, `state_id`) VALUES ('Rajapalayam', '28');
INSERT INTO `ehms`.`ehms_cities` (`city_name`, `state_id`) VALUES ('Pudukottai', '28');
INSERT INTO `ehms`.`ehms_cities` (`city_name`, `state_id`) VALUES ('Hosur', '28');
INSERT INTO `ehms`.`ehms_cities` (`city_name`, `state_id`) VALUES ('Ambur', '28');
INSERT INTO `ehms`.`ehms_cities` (`city_name`, `state_id`) VALUES ('Karaikkudi', '28');
INSERT INTO `ehms`.`ehms_cities` (`city_name`, `state_id`) VALUES ('Neyveli', '28');
INSERT INTO `ehms`.`ehms_cities` (`city_name`, `state_id`) VALUES ('Nagapattinam', '28');
INSERT INTO `ehms`.`ehms_cities` (`city_name`, `state_id`) VALUES ('Hyderabad', '29');
INSERT INTO `ehms`.`ehms_cities` (`city_name`, `state_id`) VALUES ('Warangal', '29');
INSERT INTO `ehms`.`ehms_cities` (`city_name`, `state_id`) VALUES ('Mahabubnagar', '29');
INSERT INTO `ehms`.`ehms_cities` (`city_name`, `state_id`) VALUES ('Khammam', '29');
INSERT INTO `ehms`.`ehms_cities` (`city_name`, `state_id`) VALUES ('Ramagundam', '29');
INSERT INTO `ehms`.`ehms_cities` (`city_name`, `state_id`) VALUES ('Nizamabad', '29');
INSERT INTO `ehms`.`ehms_cities` (`city_name`, `state_id`) VALUES ('Suryapet', '29');
INSERT INTO `ehms`.`ehms_cities` (`city_name`, `state_id`) VALUES ('Siddipet', '29');
INSERT INTO `ehms`.`ehms_cities` (`city_name`, `state_id`) VALUES ('Agartala', '30');
INSERT INTO `ehms`.`ehms_cities` (`city_name`, `state_id`) VALUES ('Amarpur', '30');
INSERT INTO `ehms`.`ehms_cities` (`city_name`, `state_id`) VALUES ('Belonia', '30');
INSERT INTO `ehms`.`ehms_cities` (`city_name`, `state_id`) VALUES ('Dharmanagar', '30');
INSERT INTO `ehms`.`ehms_cities` (`city_name`, `state_id`) VALUES ('Kailasahar', '30');
INSERT INTO `ehms`.`ehms_cities` (`city_name`, `state_id`) VALUES ('Kamalpur', '30');
INSERT INTO `ehms`.`ehms_cities` (`city_name`, `state_id`) VALUES ('Khowai', '30');
INSERT INTO `ehms`.`ehms_cities` (`city_name`, `state_id`) VALUES ('Kumarghat', '30');
INSERT INTO `ehms`.`ehms_cities` (`city_name`, `state_id`) VALUES ('Ranirbazar', '30');
INSERT INTO `ehms`.`ehms_cities` (`city_name`, `state_id`) VALUES ('Sabroom', '30');
INSERT INTO `ehms`.`ehms_cities` (`city_name`, `state_id`) VALUES ('Sonamura', '30');
INSERT INTO `ehms`.`ehms_cities` (`city_name`, `state_id`) VALUES ('Teliamura', '30');
INSERT INTO `ehms`.`ehms_cities` (`city_name`, `state_id`) VALUES ('Udaipur', '30');
INSERT INTO `ehms`.`ehms_cities` (`city_name`, `state_id`) VALUES ('Bishalgarh', '30');
INSERT INTO `ehms`.`ehms_cities` (`city_name`, `state_id`) VALUES ('Santirbazar', '30');
INSERT INTO `ehms`.`ehms_cities` (`city_name`, `state_id`) VALUES ('Ambassa', '30');
INSERT INTO `ehms`.`ehms_cities` (`city_name`, `state_id`) VALUES ('Jirania', '30');
INSERT INTO `ehms`.`ehms_cities` (`city_name`, `state_id`) VALUES ('Mohanpur', '30');
INSERT INTO `ehms`.`ehms_cities` (`city_name`, `state_id`) VALUES ('Melaghar', '30');
INSERT INTO `ehms`.`ehms_cities` (`city_name`, `state_id`) VALUES ('Panisagar', '30');
INSERT INTO `ehms`.`ehms_cities` (`city_name`, `state_id`) VALUES ('Kanpur', '31');
INSERT INTO `ehms`.`ehms_cities` (`city_name`, `state_id`) VALUES ('Lucknow', '31');
INSERT INTO `ehms`.`ehms_cities` (`city_name`, `state_id`) VALUES ('Ghaziabad', '31');
INSERT INTO `ehms`.`ehms_cities` (`city_name`, `state_id`) VALUES ('Agra', '31');
INSERT INTO `ehms`.`ehms_cities` (`city_name`, `state_id`) VALUES ('Varanasi', '31');
INSERT INTO `ehms`.`ehms_cities` (`city_name`, `state_id`) VALUES ('Meerut', '31');
INSERT INTO `ehms`.`ehms_cities` (`city_name`, `state_id`) VALUES ('Allahabad', '31');
INSERT INTO `ehms`.`ehms_cities` (`city_name`, `state_id`) VALUES ('Bareilly', '31');
INSERT INTO `ehms`.`ehms_cities` (`city_name`, `state_id`) VALUES ('Aligarh', '31');
INSERT INTO `ehms`.`ehms_cities` (`city_name`, `state_id`) VALUES ('Moradabad', '31');
INSERT INTO `ehms`.`ehms_cities` (`city_name`, `state_id`) VALUES ('Saharanpur', '31');
INSERT INTO `ehms`.`ehms_cities` (`city_name`, `state_id`) VALUES ('Gorakhpur', '31');
INSERT INTO `ehms`.`ehms_cities` (`city_name`, `state_id`) VALUES ('Ayodhya', '31');
INSERT INTO `ehms`.`ehms_cities` (`city_name`, `state_id`) VALUES ('Jhansi', '31');
INSERT INTO `ehms`.`ehms_cities` (`city_name`, `state_id`) VALUES ('Muzaffarnagar', '31');
INSERT INTO `ehms`.`ehms_cities` (`city_name`, `state_id`) VALUES ('Mathura', '31');
INSERT INTO `ehms`.`ehms_cities` (`city_name`, `state_id`) VALUES ('Budaun', '31');
INSERT INTO `ehms`.`ehms_cities` (`city_name`, `state_id`) VALUES ('Rampur', '31');
INSERT INTO `ehms`.`ehms_cities` (`city_name`, `state_id`) VALUES ('Shahjahanpur', '31');
INSERT INTO `ehms`.`ehms_cities` (`city_name`, `state_id`) VALUES ('Farrukhabad-cum-Fategarh', '31');
INSERT INTO `ehms`.`ehms_cities` (`city_name`, `state_id`) VALUES ('Maunath Bhanjan', '31');
INSERT INTO `ehms`.`ehms_cities` (`city_name`, `state_id`) VALUES ('Hapur', '31');
INSERT INTO `ehms`.`ehms_cities` (`city_name`, `state_id`) VALUES ('Noida', '31');
INSERT INTO `ehms`.`ehms_cities` (`city_name`, `state_id`) VALUES ('Etawah', '31');
INSERT INTO `ehms`.`ehms_cities` (`city_name`, `state_id`) VALUES ('Mirzapur-cum-Vindhyachal', '31');
INSERT INTO `ehms`.`ehms_cities` (`city_name`, `state_id`) VALUES ('Bulandshahr', '31');
INSERT INTO `ehms`.`ehms_cities` (`city_name`, `state_id`) VALUES ('Sambhal', '31');
INSERT INTO `ehms`.`ehms_cities` (`city_name`, `state_id`) VALUES ('Amroha', '31');
INSERT INTO `ehms`.`ehms_cities` (`city_name`, `state_id`) VALUES ('Hardoi', '31');
INSERT INTO `ehms`.`ehms_cities` (`city_name`, `state_id`) VALUES ('Fatehpur', '31');
INSERT INTO `ehms`.`ehms_cities` (`city_name`, `state_id`) VALUES ('Raebareli', '31');
INSERT INTO `ehms`.`ehms_cities` (`city_name`, `state_id`) VALUES ('Orai', '31');
INSERT INTO `ehms`.`ehms_cities` (`city_name`, `state_id`) VALUES ('Sitapur', '31');
INSERT INTO `ehms`.`ehms_cities` (`city_name`, `state_id`) VALUES ('Bahraich', '31');
INSERT INTO `ehms`.`ehms_cities` (`city_name`, `state_id`) VALUES ('Modinagar', '31');
INSERT INTO `ehms`.`ehms_cities` (`city_name`, `state_id`) VALUES ('Unnao', '31');
INSERT INTO `ehms`.`ehms_cities` (`city_name`, `state_id`) VALUES ('Jaunpur', '31');
INSERT INTO `ehms`.`ehms_cities` (`city_name`, `state_id`) VALUES ('Lakhimpur', '31');
INSERT INTO `ehms`.`ehms_cities` (`city_name`, `state_id`) VALUES ('Hathras', '31');
INSERT INTO `ehms`.`ehms_cities` (`city_name`, `state_id`) VALUES ('Banda', '31');
INSERT INTO `ehms`.`ehms_cities` (`city_name`, `state_id`) VALUES ('Pilibhit', '31');
INSERT INTO `ehms`.`ehms_cities` (`city_name`, `state_id`) VALUES ('Mughalsarai', '31');
INSERT INTO `ehms`.`ehms_cities` (`city_name`, `state_id`) VALUES ('Barabanki', '31');
INSERT INTO `ehms`.`ehms_cities` (`city_name`, `state_id`) VALUES ('Khurja', '31');
INSERT INTO `ehms`.`ehms_cities` (`city_name`, `state_id`) VALUES ('Gonda', '31');
INSERT INTO `ehms`.`ehms_cities` (`city_name`, `state_id`) VALUES ('Mainpuri', '31');
INSERT INTO `ehms`.`ehms_cities` (`city_name`, `state_id`) VALUES ('Lalitpur', '31');
INSERT INTO `ehms`.`ehms_cities` (`city_name`, `state_id`) VALUES ('Etah', '31');
INSERT INTO `ehms`.`ehms_cities` (`city_name`, `state_id`) VALUES ('Deoria', '31');
INSERT INTO `ehms`.`ehms_cities` (`city_name`, `state_id`) VALUES ('Ujhani', '31');
INSERT INTO `ehms`.`ehms_cities` (`city_name`, `state_id`) VALUES ('Ghazipur', '31');
INSERT INTO `ehms`.`ehms_cities` (`city_name`, `state_id`) VALUES ('Sultanpur', '31');
INSERT INTO `ehms`.`ehms_cities` (`city_name`, `state_id`) VALUES ('Azamgarh', '31');
INSERT INTO `ehms`.`ehms_cities` (`city_name`, `state_id`) VALUES ('Bijnor', '31');
INSERT INTO `ehms`.`ehms_cities` (`city_name`, `state_id`) VALUES ('Sahaswan', '31');
INSERT INTO `ehms`.`ehms_cities` (`city_name`, `state_id`) VALUES ('Basti', '31');
INSERT INTO `ehms`.`ehms_cities` (`city_name`, `state_id`) VALUES ('Chandausi', '31');
INSERT INTO `ehms`.`ehms_cities` (`city_name`, `state_id`) VALUES ('Akbarpur', '31');
INSERT INTO `ehms`.`ehms_cities` (`city_name`, `state_id`) VALUES ('Ballia', '31');
INSERT INTO `ehms`.`ehms_cities` (`city_name`, `state_id`) VALUES ('Tanda', '31');
INSERT INTO `ehms`.`ehms_cities` (`city_name`, `state_id`) VALUES ('Greater Noida', '31');
INSERT INTO `ehms`.`ehms_cities` (`city_name`, `state_id`) VALUES ('Shikohabad', '31');
INSERT INTO `ehms`.`ehms_cities` (`city_name`, `state_id`) VALUES ('Shamli', '31');
INSERT INTO `ehms`.`ehms_cities` (`city_name`, `state_id`) VALUES ('Khair', '31');
INSERT INTO `ehms`.`ehms_cities` (`city_name`, `state_id`) VALUES ('Kasganj', '31');
INSERT INTO `ehms`.`ehms_cities` (`city_name`, `state_id`) VALUES ('Dehradun', '32');
INSERT INTO `ehms`.`ehms_cities` (`city_name`, `state_id`) VALUES ('Haridwar', '32');
INSERT INTO `ehms`.`ehms_cities` (`city_name`, `state_id`) VALUES ('Roorkee', '32');
INSERT INTO `ehms`.`ehms_cities` (`city_name`, `state_id`) VALUES ('Haldwani-cum-Kathgodam', '32');
INSERT INTO `ehms`.`ehms_cities` (`city_name`, `state_id`) VALUES ('Rudrapur', '32');
INSERT INTO `ehms`.`ehms_cities` (`city_name`, `state_id`) VALUES ('Kashipur', '32');
INSERT INTO `ehms`.`ehms_cities` (`city_name`, `state_id`) VALUES ('Rishikesh', '32');
INSERT INTO `ehms`.`ehms_cities` (`city_name`, `state_id`) VALUES ('Kolkata', '33');
INSERT INTO `ehms`.`ehms_cities` (`city_name`, `state_id`) VALUES ('Asansol', '33');
INSERT INTO `ehms`.`ehms_cities` (`city_name`, `state_id`) VALUES ('Siliguri', '33');
INSERT INTO `ehms`.`ehms_cities` (`city_name`, `state_id`) VALUES ('Durgapur', '33');
INSERT INTO `ehms`.`ehms_cities` (`city_name`, `state_id`) VALUES ('Bardhaman', '33');
INSERT INTO `ehms`.`ehms_cities` (`city_name`, `state_id`) VALUES ('Malda', '33');
INSERT INTO `ehms`.`ehms_cities` (`city_name`, `state_id`) VALUES ('Baharampur', '33');
INSERT INTO `ehms`.`ehms_cities` (`city_name`, `state_id`) VALUES ('Habra', '33');
INSERT INTO `ehms`.`ehms_cities` (`city_name`, `state_id`) VALUES ('Kharagpur', '33');
INSERT INTO `ehms`.`ehms_cities` (`city_name`, `state_id`) VALUES ('Shantipur', '33');
INSERT INTO `ehms`.`ehms_cities` (`city_name`, `state_id`) VALUES ('Dankuni', '33');
INSERT INTO `ehms`.`ehms_cities` (`city_name`, `state_id`) VALUES ('Dhulian', '33');
INSERT INTO `ehms`.`ehms_cities` (`city_name`, `state_id`) VALUES ('Ranaghat', '33');
INSERT INTO `ehms`.`ehms_cities` (`city_name`, `state_id`) VALUES ('Haldia', '33');
INSERT INTO `ehms`.`ehms_cities` (`city_name`, `state_id`) VALUES ('Raiganj', '33');
INSERT INTO `ehms`.`ehms_cities` (`city_name`, `state_id`) VALUES ('Krishnanagar', '33');
INSERT INTO `ehms`.`ehms_cities` (`city_name`, `state_id`) VALUES ('Nabadwip', '33');
INSERT INTO `ehms`.`ehms_cities` (`city_name`, `state_id`) VALUES ('Medinipur', '33');
INSERT INTO `ehms`.`ehms_cities` (`city_name`, `state_id`) VALUES ('Jalpaiguri', '33');
INSERT INTO `ehms`.`ehms_cities` (`city_name`, `state_id`) VALUES ('Balurghat', '33');
INSERT INTO `ehms`.`ehms_cities` (`city_name`, `state_id`) VALUES ('Basirhat', '33');
INSERT INTO `ehms`.`ehms_cities` (`city_name`, `state_id`) VALUES ('Bankura', '33');
INSERT INTO `ehms`.`ehms_cities` (`city_name`, `state_id`) VALUES ('Chakdaha', '33');
INSERT INTO `ehms`.`ehms_cities` (`city_name`, `state_id`) VALUES ('Darjeeling', '33');
INSERT INTO `ehms`.`ehms_cities` (`city_name`, `state_id`) VALUES ('Alipurduar', '33');
INSERT INTO `ehms`.`ehms_cities` (`city_name`, `state_id`) VALUES ('Purulia', '33');
INSERT INTO `ehms`.`ehms_cities` (`city_name`, `state_id`) VALUES ('Jangipur', '33');
INSERT INTO `ehms`.`ehms_cities` (`city_name`, `state_id`) VALUES ('Bangaon', '33');
INSERT INTO `ehms`.`ehms_cities` (`city_name`, `state_id`) VALUES ('Cooch Behar', '33');
INSERT INTO `ehms`.`ehms_cities` (`city_name`, `state_id`) VALUES ('Bakultala', '34');
INSERT INTO `ehms`.`ehms_cities` (`city_name`, `state_id`) VALUES ('Bambooflat', '34');
INSERT INTO `ehms`.`ehms_cities` (`city_name`, `state_id`) VALUES ('Garacharma', '34');
INSERT INTO `ehms`.`ehms_cities` (`city_name`, `state_id`) VALUES ('Port Blair', '34');
INSERT INTO `ehms`.`ehms_cities` (`city_name`, `state_id`) VALUES ('Prothrapur', '34');
INSERT INTO `ehms`.`ehms_cities` (`city_name`, `state_id`) VALUES ('Behlana', '35');
INSERT INTO `ehms`.`ehms_cities` (`city_name`, `state_id`) VALUES ('Chandigarh', '35');
INSERT INTO `ehms`.`ehms_cities` (`city_name`, `state_id`) VALUES ('Daria', '35');
INSERT INTO `ehms`.`ehms_cities` (`city_name`, `state_id`) VALUES ('Khuda Alisher', '35');
INSERT INTO `ehms`.`ehms_cities` (`city_name`, `state_id`) VALUES ('Mani Majra', '35');
INSERT INTO `ehms`.`ehms_cities` (`city_name`, `state_id`) VALUES ('Basti Kishangarh', '35');
INSERT INTO `ehms`.`ehms_cities` (`city_name`, `state_id`) VALUES ('Basti Bhagwanpura', '35');
INSERT INTO `ehms`.`ehms_cities` (`city_name`, `state_id`) VALUES ('Mauli Jagran', '35');
INSERT INTO `ehms`.`ehms_cities` (`city_name`, `state_id`) VALUES ('Dadra', '36');
INSERT INTO `ehms`.`ehms_cities` (`city_name`, `state_id`) VALUES ('Masat', '36');
INSERT INTO `ehms`.`ehms_cities` (`city_name`, `state_id`) VALUES ('Naroli', '36');
INSERT INTO `ehms`.`ehms_cities` (`city_name`, `state_id`) VALUES ('Rakholi', '36');
INSERT INTO `ehms`.`ehms_cities` (`city_name`, `state_id`) VALUES ('Samarvarni', '36');
INSERT INTO `ehms`.`ehms_cities` (`city_name`, `state_id`) VALUES ('Silvassa', '36');
INSERT INTO `ehms`.`ehms_cities` (`city_name`, `state_id`) VALUES ('Bhimpore', '37');
INSERT INTO `ehms`.`ehms_cities` (`city_name`, `state_id`) VALUES ('Dadhel', '37');
INSERT INTO `ehms`.`ehms_cities` (`city_name`, `state_id`) VALUES ('Daman', '37');
INSERT INTO `ehms`.`ehms_cities` (`city_name`, `state_id`) VALUES ('Diu', '37');
INSERT INTO `ehms`.`ehms_cities` (`city_name`, `state_id`) VALUES ('Dunetha', '37');
INSERT INTO `ehms`.`ehms_cities` (`city_name`, `state_id`) VALUES ('Kachigam', '37');
INSERT INTO `ehms`.`ehms_cities` (`city_name`, `state_id`) VALUES ('Kadaiya', '37');
INSERT INTO `ehms`.`ehms_cities` (`city_name`, `state_id`) VALUES ('Marwad', '37');
INSERT INTO `ehms`.`ehms_cities` (`city_name`, `state_id`) VALUES ('Aali', '38');
INSERT INTO `ehms`.`ehms_cities` (`city_name`, `state_id`) VALUES ('Ali Pur', '38');
INSERT INTO `ehms`.`ehms_cities` (`city_name`, `state_id`) VALUES ('Asola', '38');
INSERT INTO `ehms`.`ehms_cities` (`city_name`, `state_id`) VALUES ('Aya Nagar', '38');
INSERT INTO `ehms`.`ehms_cities` (`city_name`, `state_id`) VALUES ('Babar Pur', '38');
INSERT INTO `ehms`.`ehms_cities` (`city_name`, `state_id`) VALUES ('Bakhtawar Pur', '38');
INSERT INTO `ehms`.`ehms_cities` (`city_name`, `state_id`) VALUES ('Bakkar Wala', '38');
INSERT INTO `ehms`.`ehms_cities` (`city_name`, `state_id`) VALUES ('Bankauli', '38');
INSERT INTO `ehms`.`ehms_cities` (`city_name`, `state_id`) VALUES ('Bankner', '38');
INSERT INTO `ehms`.`ehms_cities` (`city_name`, `state_id`) VALUES ('Bapraula', '38');
INSERT INTO `ehms`.`ehms_cities` (`city_name`, `state_id`) VALUES ('Baqiabad', '38');
INSERT INTO `ehms`.`ehms_cities` (`city_name`, `state_id`) VALUES ('Barwala', '38');
INSERT INTO `ehms`.`ehms_cities` (`city_name`, `state_id`) VALUES ('Bawana', '38');
INSERT INTO `ehms`.`ehms_cities` (`city_name`, `state_id`) VALUES ('Begum Pur', '38');
INSERT INTO `ehms`.`ehms_cities` (`city_name`, `state_id`) VALUES ('Bhalswa Jahangir Pur', '38');
INSERT INTO `ehms`.`ehms_cities` (`city_name`, `state_id`) VALUES ('Bhati', '38');
INSERT INTO `ehms`.`ehms_cities` (`city_name`, `state_id`) VALUES ('Bhor Garh', '38');
INSERT INTO `ehms`.`ehms_cities` (`city_name`, `state_id`) VALUES ('Burari', '38');
INSERT INTO `ehms`.`ehms_cities` (`city_name`, `state_id`) VALUES ('Chandan Hola', '38');
INSERT INTO `ehms`.`ehms_cities` (`city_name`, `state_id`) VALUES ('Chattar Pur', '38');
INSERT INTO `ehms`.`ehms_cities` (`city_name`, `state_id`) VALUES ('Chhawala', '38');
INSERT INTO `ehms`.`ehms_cities` (`city_name`, `state_id`) VALUES ('Chilla Saroda Bangar', '38');
INSERT INTO `ehms`.`ehms_cities` (`city_name`, `state_id`) VALUES ('Chilla Saroda Khadar', '38');
INSERT INTO `ehms`.`ehms_cities` (`city_name`, `state_id`) VALUES ('Dallo Pura', '38');
INSERT INTO `ehms`.`ehms_cities` (`city_name`, `state_id`) VALUES ('Darya Pur Kalan', '38');
INSERT INTO `ehms`.`ehms_cities` (`city_name`, `state_id`) VALUES ('Dayal Pur', '38');
INSERT INTO `ehms`.`ehms_cities` (`city_name`, `state_id`) VALUES ('Delhi', '38');
INSERT INTO `ehms`.`ehms_cities` (`city_name`, `state_id`) VALUES ('Delhi Cantonment', '38');
INSERT INTO `ehms`.`ehms_cities` (`city_name`, `state_id`) VALUES ('Deoli', '38');
INSERT INTO `ehms`.`ehms_cities` (`city_name`, `state_id`) VALUES ('Dera Mandi', '38');
INSERT INTO `ehms`.`ehms_cities` (`city_name`, `state_id`) VALUES ('Dindar Pur', '38');
INSERT INTO `ehms`.`ehms_cities` (`city_name`, `state_id`) VALUES ('Fateh Pur Beri', '38');
INSERT INTO `ehms`.`ehms_cities` (`city_name`, `state_id`) VALUES ('Gharoli', '38');
INSERT INTO `ehms`.`ehms_cities` (`city_name`, `state_id`) VALUES ('Gharonda Neemka Bangar', '38');
INSERT INTO `ehms`.`ehms_cities` (`city_name`, `state_id`) VALUES ('Gheora', '38');
INSERT INTO `ehms`.`ehms_cities` (`city_name`, `state_id`) VALUES ('Ghitorni', '38');
INSERT INTO `ehms`.`ehms_cities` (`city_name`, `state_id`) VALUES ('Gokal Pur', '38');
INSERT INTO `ehms`.`ehms_cities` (`city_name`, `state_id`) VALUES ('Hastsal', '38');
INSERT INTO `ehms`.`ehms_cities` (`city_name`, `state_id`) VALUES ('Ibrahim Pur', '38');
INSERT INTO `ehms`.`ehms_cities` (`city_name`, `state_id`) VALUES ('Jaffar Pur Kalan', '38');
INSERT INTO `ehms`.`ehms_cities` (`city_name`, `state_id`) VALUES ('Jaffrabad', '38');
INSERT INTO `ehms`.`ehms_cities` (`city_name`, `state_id`) VALUES ('Jait Pur', '38');
INSERT INTO `ehms`.`ehms_cities` (`city_name`, `state_id`) VALUES ('Jharoda Kalan', '38');
INSERT INTO `ehms`.`ehms_cities` (`city_name`, `state_id`) VALUES ('Jharoda Majra Burari', '38');
INSERT INTO `ehms`.`ehms_cities` (`city_name`, `state_id`) VALUES ('Jiwan Pur', '38');
INSERT INTO `ehms`.`ehms_cities` (`city_name`, `state_id`) VALUES ('Jona Pur', '38');
INSERT INTO `ehms`.`ehms_cities` (`city_name`, `state_id`) VALUES ('Kair', '38');
INSERT INTO `ehms`.`ehms_cities` (`city_name`, `state_id`) VALUES ('Kamal Pur Majra Burari', '38');
INSERT INTO `ehms`.`ehms_cities` (`city_name`, `state_id`) VALUES ('Kanjhawala', '38');
INSERT INTO `ehms`.`ehms_cities` (`city_name`, `state_id`) VALUES ('Kapas Hera', '38');
INSERT INTO `ehms`.`ehms_cities` (`city_name`, `state_id`) VALUES ('Karala', '38');
INSERT INTO `ehms`.`ehms_cities` (`city_name`, `state_id`) VALUES ('Karawal Nagar', '38');
INSERT INTO `ehms`.`ehms_cities` (`city_name`, `state_id`) VALUES ('Khajoori Khas', '38');
INSERT INTO `ehms`.`ehms_cities` (`city_name`, `state_id`) VALUES ('Khan Pur Dhani', '38');
INSERT INTO `ehms`.`ehms_cities` (`city_name`, `state_id`) VALUES ('Khera', '38');
INSERT INTO `ehms`.`ehms_cities` (`city_name`, `state_id`) VALUES ('Khera Kalan', '38');
INSERT INTO `ehms`.`ehms_cities` (`city_name`, `state_id`) VALUES ('Khera Khurd', '38');
INSERT INTO `ehms`.`ehms_cities` (`city_name`, `state_id`) VALUES ('Kirari Suleman Nagar', '38');
INSERT INTO `ehms`.`ehms_cities` (`city_name`, `state_id`) VALUES ('Kondli', '38');
INSERT INTO `ehms`.`ehms_cities` (`city_name`, `state_id`) VALUES ('Kotla Mahigiran', '38');
INSERT INTO `ehms`.`ehms_cities` (`city_name`, `state_id`) VALUES ('Kusum Pur', '38');
INSERT INTO `ehms`.`ehms_cities` (`city_name`, `state_id`) VALUES ('Lad Pur', '38');
INSERT INTO `ehms`.`ehms_cities` (`city_name`, `state_id`) VALUES ('Libas Pur', '38');
INSERT INTO `ehms`.`ehms_cities` (`city_name`, `state_id`) VALUES ('Maidan Garhi', '38');
INSERT INTO `ehms`.`ehms_cities` (`city_name`, `state_id`) VALUES ('Malik Pur Kohi', '38');
INSERT INTO `ehms`.`ehms_cities` (`city_name`, `state_id`) VALUES ('Mandoli', '38');
INSERT INTO `ehms`.`ehms_cities` (`city_name`, `state_id`) VALUES ('Mir Pur Turk', '38');
INSERT INTO `ehms`.`ehms_cities` (`city_name`, `state_id`) VALUES ('Mithe Pur', '38');
INSERT INTO `ehms`.`ehms_cities` (`city_name`, `state_id`) VALUES ('Mitraon', '38');
INSERT INTO `ehms`.`ehms_cities` (`city_name`, `state_id`) VALUES ('Mohammad Pur Majri', '38');
INSERT INTO `ehms`.`ehms_cities` (`city_name`, `state_id`) VALUES ('Molar Band', '38');
INSERT INTO `ehms`.`ehms_cities` (`city_name`, `state_id`) VALUES ('Moradabad Pahari', '38');
INSERT INTO `ehms`.`ehms_cities` (`city_name`, `state_id`) VALUES ('Mubarak Pur Dabas', '38');
INSERT INTO `ehms`.`ehms_cities` (`city_name`, `state_id`) VALUES ('Mukand Pur', '38');
INSERT INTO `ehms`.`ehms_cities` (`city_name`, `state_id`) VALUES ('Mukhmel Pur', '38');
INSERT INTO `ehms`.`ehms_cities` (`city_name`, `state_id`) VALUES ('Mundka', '38');
INSERT INTO `ehms`.`ehms_cities` (`city_name`, `state_id`) VALUES ('Mustafabad', '38');
INSERT INTO `ehms`.`ehms_cities` (`city_name`, `state_id`) VALUES ('Nangli Sakrawati', '38');
INSERT INTO `ehms`.`ehms_cities` (`city_name`, `state_id`) VALUES ('Nangloi Jat', '38');
INSERT INTO `ehms`.`ehms_cities` (`city_name`, `state_id`) VALUES ('Neb Sarai', '38');
INSERT INTO `ehms`.`ehms_cities` (`city_name`, `state_id`) VALUES ('New Delhi', '38');
INSERT INTO `ehms`.`ehms_cities` (`city_name`, `state_id`) VALUES ('Nilothi', '38');
INSERT INTO `ehms`.`ehms_cities` (`city_name`, `state_id`) VALUES ('Nithari', '38');
INSERT INTO `ehms`.`ehms_cities` (`city_name`, `state_id`) VALUES ('Pehlad Pur Bangar', '38');
INSERT INTO `ehms`.`ehms_cities` (`city_name`, `state_id`) VALUES ('Pooth Kalan', '38');
INSERT INTO `ehms`.`ehms_cities` (`city_name`, `state_id`) VALUES ('Pooth Khurd', '38');
INSERT INTO `ehms`.`ehms_cities` (`city_name`, `state_id`) VALUES ('Pul Pehlad', '38');
INSERT INTO `ehms`.`ehms_cities` (`city_name`, `state_id`) VALUES ('Qadi Pur', '38');
INSERT INTO `ehms`.`ehms_cities` (`city_name`, `state_id`) VALUES ('Quammruddin Nagar', '38');
INSERT INTO `ehms`.`ehms_cities` (`city_name`, `state_id`) VALUES ('Qutab Garh', '38');
INSERT INTO `ehms`.`ehms_cities` (`city_name`, `state_id`) VALUES ('Raja Pur Khurd', '38');
INSERT INTO `ehms`.`ehms_cities` (`city_name`, `state_id`) VALUES ('Rajokri', '38');
INSERT INTO `ehms`.`ehms_cities` (`city_name`, `state_id`) VALUES ('Raj Pur Khurd', '38');
INSERT INTO `ehms`.`ehms_cities` (`city_name`, `state_id`) VALUES ('Rani Khera', '38');
INSERT INTO `ehms`.`ehms_cities` (`city_name`, `state_id`) VALUES ('Roshan Pura', '38');
INSERT INTO `ehms`.`ehms_cities` (`city_name`, `state_id`) VALUES ('Sadat Pur Gujran', '38');
INSERT INTO `ehms`.`ehms_cities` (`city_name`, `state_id`) VALUES ('Sahibabad Daulat Pur', '38');
INSERT INTO `ehms`.`ehms_cities` (`city_name`, `state_id`) VALUES ('Saidabad', '38');
INSERT INTO `ehms`.`ehms_cities` (`city_name`, `state_id`) VALUES ('Saidul Azaib', '38');
INSERT INTO `ehms`.`ehms_cities` (`city_name`, `state_id`) VALUES ('Sambhalka', '38');
INSERT INTO `ehms`.`ehms_cities` (`city_name`, `state_id`) VALUES ('Shafi Pur Ranhola', '38');
INSERT INTO `ehms`.`ehms_cities` (`city_name`, `state_id`) VALUES ('Shakar Pur Baramad', '38');
INSERT INTO `ehms`.`ehms_cities` (`city_name`, `state_id`) VALUES ('Siras Pur', '38');
INSERT INTO `ehms`.`ehms_cities` (`city_name`, `state_id`) VALUES ('Sultan Pur', '38');
INSERT INTO `ehms`.`ehms_cities` (`city_name`, `state_id`) VALUES ('Sultan Pur Majra', '38');
INSERT INTO `ehms`.`ehms_cities` (`city_name`, `state_id`) VALUES ('Taj Pul', '38');
INSERT INTO `ehms`.`ehms_cities` (`city_name`, `state_id`) VALUES ('Tigri', '38');
INSERT INTO `ehms`.`ehms_cities` (`city_name`, `state_id`) VALUES ('Tikri Kalan', '38');
INSERT INTO `ehms`.`ehms_cities` (`city_name`, `state_id`) VALUES ('Tikri Khurd', '38');
INSERT INTO `ehms`.`ehms_cities` (`city_name`, `state_id`) VALUES ('Tilang Pur Kotla', '38');
INSERT INTO `ehms`.`ehms_cities` (`city_name`, `state_id`) VALUES ('Tukhmir Pur', '38');
INSERT INTO `ehms`.`ehms_cities` (`city_name`, `state_id`) VALUES ('Ujwa', '38');
INSERT INTO `ehms`.`ehms_cities` (`city_name`, `state_id`) VALUES ('Ziauddin Pur', '38');
INSERT INTO `ehms`.`ehms_cities` (`city_name`, `state_id`) VALUES ('Amini', '39');
INSERT INTO `ehms`.`ehms_cities` (`city_name`, `state_id`) VALUES ('Andrott', '39');
INSERT INTO `ehms`.`ehms_cities` (`city_name`, `state_id`) VALUES ('Kadmat', '39');
INSERT INTO `ehms`.`ehms_cities` (`city_name`, `state_id`) VALUES ('Kalpeni', '39');
INSERT INTO `ehms`.`ehms_cities` (`city_name`, `state_id`) VALUES ('Kavaratti', '39');
INSERT INTO `ehms`.`ehms_cities` (`city_name`, `state_id`) VALUES ('Minicoy', '39');
INSERT INTO `ehms`.`ehms_cities` (`city_name`, `state_id`) VALUES ('Ariankuppam', '40');
INSERT INTO `ehms`.`ehms_cities` (`city_name`, `state_id`) VALUES ('Karaikal', '40');
INSERT INTO `ehms`.`ehms_cities` (`city_name`, `state_id`) VALUES ('Kurumbapet', '40');
INSERT INTO `ehms`.`ehms_cities` (`city_name`, `state_id`) VALUES ('Mahé', '40');
INSERT INTO `ehms`.`ehms_cities` (`city_name`, `state_id`) VALUES ('Manavely', '40');
INSERT INTO `ehms`.`ehms_cities` (`city_name`, `state_id`) VALUES ('Ozhukarai', '40');
INSERT INTO `ehms`.`ehms_cities` (`city_name`, `state_id`) VALUES ('Puducherry', '40');
INSERT INTO `ehms`.`ehms_cities` (`city_name`, `state_id`) VALUES ('Thirumalairayanpattinam', '40');
INSERT INTO `ehms`.`ehms_cities` (`city_name`, `state_id`) VALUES ('Villianur', '40');
INSERT INTO `ehms`.`ehms_cities` (`city_name`, `state_id`) VALUES ('Yanam', '40');

